"Star_code"	"fkey"	"detailed structure"
4	"DC"	"DC,Pesht Military District,Ningxia Prefecture"
7	"LA"	"LA,Alarion Province"
10	"A"	"A"
14	"FS"	"FS,Capellan March,Kathil Operational Area,Valexa PDZ"
16	"LA"	"LA,Skye Province,Freedom Theater"
17	"A"	"A"
18	"A"	"A"
19	"A"	"A"
21	"FWL"	"FWL"
22	"LA"	"LA,Alarion Province"
28	"FS"	"FS,Crucis March,Minette Operational Area,Broken Wheel Combat Region"
29	"FWL"	"FWL,Stewart Commonality"
33	"A"	"A"
37	"A"	"A"
39	"DC"	"DC,Galedon Military District,Oshika Prefecture"
43	"A"	"A"
44	"LA"	"LA,Alarion Province"
50	"FWL"	"FWL"
52	"LA"	"LA,Alarion Province,Major Capital"
53	"DC"	"DC,Dieron Military District,Ashio Prefecture"
54	"FWL"	"FWL"
57	"LA"	"LA,Skye Province,Freedom Theater"
58	"FS"	"FS,Capellan March,Kathil Operational Area,Alcyone PDZ"
59	"CC"	"CC,Liao Commonality,Region 1"
62	"OA"	"OA,Ramora Province"
67	"DC"	"DC,Pesht Military District,Qandahar Prefecture"
72	"FWL"	"FWL"
75	"LA"	"LA,Skye Province,Freedom Theater"
76	"FWL"	"FWL,Silver Hawks Coalition"
77	"A"	"A"
95	"A"	"A"
97	"DC"	"DC,Dieron Military District,Al Na'ir Prefecture"
99	"DC"	"DC,Galedon Military District,Kaznejoy Prefecture"
100	"GBD"	"GBD"
105	"DC"	"DC,Pesht Military District,Bjarred Prefecture"
107	"A"	"A"
112	"A"	"A"
113	"A"	"A"
114	"TC"	"TC,Perdition Union"
115	"CC"	"CC,St. Ives Commonality,Region 3"
116	"A"	"A"
118	"FWL"	"FWL,Silver Hawks Coalition"
123	"A"	"A"
124	"FS"	"FS,Capellan March,Taygeta Operational Area,Warren PDZ"
129	"A"	"A"
130	"FS"	"FS,Capellan March,Kathil Operational Area,Kathil PDZ"
132	"FWL"	"FWL,Duchy of Oriente"
134	"FWL"	"FWL,Marik Commonwealth"
135	"A"	"A"
137	"A"	"A"
138	"FS"	"FS,Draconis March,Woodbine Operational Area,Bryceland PDZ"
140	"FS"	"FS,Draconis March,Robinson Operational Area,Addicks PDZ"
142	"DC"	"DC,Benjamin Military District,Irurzun Prefecture"
143	"LA"	"LA,Coventry Province,Melissia Theater"
145	"CSR"	"CSR"
146	"CJF"	"CJF"
152	"A"	"A"
153	"A"	"A"
154	"A"	"A"
160	"A"	"A"
161	"A"	"A"
164	"A"	"A"
170	"LA"	"LA,Bolan Province,Cavanaugh Theater"
178	"CC"	"CC,St. Ives Commonality,Region 2"
180	"A"	"A"
183	"A"	"A"
184	"A"	"A"
187	"DC"	"DC,Dieron Military District,Al Na'ir Prefecture"
189	"FWL"	"FWL"
193	"FS"	"FS,Capellan March,Kathil Operational Area,Valexa PDZ"
195	"FWL"	"FWL"
196	"DC"	"DC,Dieron Military District,Kessel Prefecture"
198	"DC"	"DC,Dieron Military District,Al Na'ir Prefecture"
199	"A"	"A"
201	"LA"	"LA,Arc-Royal Theater"
202	"FWL"	"FWL,Marik Commonwealth,Faction Capital"
203	"TC"	"TC,Hyades Union"
206	"FWL"	"FWL"
209	"A"	"A"
212	"LA"	"LA,Skye Province,Freedom Theater"
214	"A"	"A"
219	"FS"	"FS,Capellan March,Taygeta Operational Area,Altair PDZ"
225	"FS"	"FS,Capellan March,Kathil Operational Area,Valexa PDZ"
226	"LA"	"LA,Alarion Province"
229	"FS"	"FS,Capellan March,Kathil Operational Area,Region 1"
231	"CJF"	"CJF"
237	"A"	"A"
239	"FWL"	"FWL"
240	"CJF"	"CJF"
244	"MOC"	"MOC"
246	"CJF"	"CJF"
250	"DC"	"DC,Galedon Military District,New Samarkand Prefecture"
251	"CC"	"CC,Capella Commonality,Region 2"
252	"A"	"A"
260	"FS"	"FS,Draconis March,Robinson Operational Area,Dahar PDZ"
262	"FS"	"FS,Crucis March,Markesan Operational Area,Achemar Combat Region"
265	"LA"	"LA,Coventry Province"
266	"FS"	"FS,Capellan March,Kathil Operational Area,Region 1"
269	"MOC"	"MOC"
272	"FS"	"FS,Draconis March,Woodbine Operational Area,Kilbourne PDZ"
273	"LA"	"LA,Alarion Province"
274	"FS"	"FS,Crucis March,Markesan Operational Area,Achemar Combat Region"
276	"FS"	"FS,Crucis March,Minette Operational Area,Point Barrow Combat Region"
277	"LA"	"LA,Skye Province,Freedom Theater"
285	"FS"	"FS,Crucis March,Markesan Operational Area,Achemar Combat Region"
288	"A"	"A"
291	"A"	"A"
292	"FS"	"FS,Capellan March,Kathil Operational Area,Valexa PDZ"
294	"FWL"	"FWL"
297	"FS"	"FS,Crucis March,Markesan Operational Area,Kestrel Combat Region"
298	"A"	"A"
299	"FS"	"FS,Draconis March,Woodbine Operational Area,Mayetta PDZ"
300	"FS"	"FS,Draconis March,Robinson Operational Area,Raman PDZ"
304	"CC"	"CC,Sian Commonality,Region 1"
305	"A"	"A"
307	"DC"	"DC,Galedon Military District,Matsuida Prefecture"
315	"FS"	"FS,Capellan March,Kathil Operational Area,Kathil PDZ"
316	"FS"	"FS,Capellan March,Kathil Operational Area,Kathil PDZ"
318	"FS"	"FS,Draconis March,Robinson Operational Area,Dahar PDZ"
320	"A"	"A"
322	"A"	"A"
323	"DC"	"DC,Benjamin Military District,Xinyang Prefecture"
327	"LA"	"LA,Alarion Province,Timbuktu Theater"
329	"CJF"	"CJF"
334	"LA"	"LA,Coventry Province"
336	"LA"	"LA,Bolan Province"
337	"LA"	"LA,Coventry Province,Melissia Theater"
341	"FS"	"FS,Crucis March,Markesan Operational Area,Achemar Combat Region"
342	"A"	"A"
343	"A"	"A"
348	"A"	"A"
349	"FS"	"FS,Crucis March,Minette Operational Area,Point Barrow Combat Region"
352	"CC"	"CC,Capella Commonality,Region 5"
355	"A"	"A"
356	"FS"	"FS,Crucis March,Markesan Operational Area,Kestrel Combat Region"
357	"A"	"A"
358	"A"	"A"
360	"A"	"A"
361	"FWL"	"FWL,Silver Hawks Coalition"
362	"CJF"	"CJF"
364	"MOC"	"MOC"
366	"CC"	"CC,Liao Commonality,Region 6"
370	"LA"	"LA,Arc-Royal Theater"
372	"A"	"A"
373	"CJF"	"CJF"
379	"A"	"A"
383	"OA"	"OA,Ramora Province"
385	"DC"	"DC,Benjamin Military District,Xinyang Prefecture"
390	"LA"	"LA,Donegal Province"
394	"TC"	"TC"
398	"FS"	"FS,Draconis March,Woodbine Operational Area,Milligan PDZ"
400	"FS"	"FS,Crucis March,Minette Operational Area,Broken Wheel Combat Region"
402	"FS"	"FS,Crucis March,Minette Operational Area,Broken Wheel Combat Region"
404	"FS"	"FS,Draconis March,Woodbine Operational Area,Bryceland PDZ"
405	"LA"	"LA,Coventry Province"
408	"FS"	"FS,Draconis March,Woodbine Operational Area,Bremond PDZ"
414	"DC"	"DC,Benjamin Military District,Buckminster Prefecture,Minor Capital"
416	"LA"	"LA,Alarion Province"
419	"TC"	"TC,Hyades Union"
425	"DC"	"DC,Pesht Military District,Albiero Prefecture"
426	"A"	"A"
428	"DC"	"DC,Benjamin Military District,Benjamin Prefecture"
430	"A"	"A"
431	"FS"	"FS,Crucis March,Markesan Operational Area,Kestrel Combat Region"
435	"A"	"A"
436	"RC"	"RC"
442	"OA"	"OA,Ramora Province"
444	"LA"	"LA,Donegal Province"
446	"CC"	"CC,Sian Commonality,Region 1"
450	"FS"	"FS,Crucis March,Chirikof Operational Area,Islamabad Combat Region"
451	"FWL"	"FWL,Principality of Regulus"
458	"FWL"	"FWL,Rim Commonality"
463	"FWL"	"FWL"
468	"DC"	"DC,Galedon Military District,Kaznejoy Prefecture"
470	"A"	"A"
471	"FWL"	"FWL,Duchy of Orloff"
476	"LA"	"LA,Alarion Province"
478	"A"	"A"
480	"FS"	"FS,Capellan March,Taygeta Operational Area,Altair PDZ"
482	"LA"	"LA,Skye Province,Freedom Theater"
485	"LA"	"LA,Skye Province"
486	"FS"	"FS,Draconis March,Robinson Operational Area,Kentares PDZ"
489	"FS"	"FS,Draconis March,Robinson Operational Area,Kentares PDZ"
495	"A"	"A"
496	"CC"	"CC,Victoria Commonality,Region 4"
498	"A"	"A"
499	"A"	"A"
501	"A"	"A"
503	"TC"	"TC,Perdition Union"
504	"A"	"A"
507	"A"	"A"
511	"LA"	"LA,Skye Province"
512	"FWL"	"FWL"
514	"FS"	"FS,Crucis March,Chirikof Operational Area,Remagen Combat Region"
517	"LA"	"LA,Alarion Province,Timbuktu Theater"
518	"DC"	"DC,Benjamin Military District,Buckminster Prefecture"
520	"DC"	"DC,Pesht Military District,Qandahar Prefecture"
521	"LA"	"LA,Coventry Province,Melissia Theater"
535	"FS"	"FS,Capellan March,Kathil Operational Area,Valexa PDZ"
539	"A"	"A"
544	"FS"	"FS,Crucis March,Chirikof Operational Area,Remagen Combat Region,Minor Capital"
545	"CM"	"CM"
546	"A"	"A"
547	"A"	"A"
550	"DC"	"DC,Pesht Military District,Qandahar Prefecture"
556	"DC"	"DC,Pesht Military District,Bjarred Prefecture"
558	"A"	"A"
562	"FWL"	"FWL"
563	"CC"	"CC,Sian Commonality,Region 3"
565	"DC"	"DC,Pesht Military District,Kagoshima Prefecture"
568	"FWL"	"FWL,Principality of Gibson"
570	"FS"	"FS,Crucis March,Chirikof Operational Area,Islamabad Combat Region"
572	"FS"	"FS,Crucis March,Markesan Operational Area,Kestrel Combat Region"
573	"LA"	"LA,Alarion Province,Timbuktu Theater"
575	"FWL"	"FWL"
579	"FS"	"FS,Crucis March,Markesan Operational Area,New Avalon Combat Region"
583	"FWL"	"FWL"
589	"GBD"	"GBD"
596	"CC"	"CC,Capella Commonality,Region 2"
597	"FS"	"FS,Capellan March,Kathil Operational Area,Alcyone PDZ"
602	"CC"	"CC,Victoria Commonality,Region 6"
604	"LA"	"LA,Skye Province,Freedom Theater"
605	"DC"	"DC,Benjamin Military District,Xinyang Prefecture"
606	"FS"	"FS,Crucis March,Markesan Operational Area,Achemar Combat Region"
607	"DC"	"DC,Galedon Military District,New Samarkand Prefecture"
608	"FS"	"FS,Capellan March,Taygeta Operational Area,Sirdar PDZ"
609	"DC"	"DC,Pesht Military District,Albiero Prefecture"
613	"LA"	"LA,Coventry Province,Major Capital"
614	"FS"	"FS,Crucis March,Minette Operational Area,Point Barrow Combat Region"
615	"A"	"A"
616	"A"	"A"
618	"MOC"	"MOC"
631	"FS"	"FS,Crucis March,Chirikof Operational Area,Kearny Combat Region"
640	"FS"	"FS,Draconis March,Robinson Operational Area,Kentares PDZ"
642	"DC"	"DC,Pesht Military District,Irece Prefecture"
661	"LA"	"LA,Alarion Province"
672	"CC"	"CC,Victoria Commonality,Region 3"
678	"FS"	"FS,Draconis March,Woodbine Operational Area,Milligan PDZ"
685	"FS"	"FS,Crucis March,Markesan Operational Area,Kestrel Combat Region"
693	"CJF"	"CJF"
695	"FWL"	"FWL"
696	"DC"	"DC,Galedon Military District,Matsuida Prefecture"
698	"MOC"	"MOC"
701	"CJF"	"CJF"
704	"A"	"A"
706	"FWL"	"FWL,Regulan Free States"
709	"A"	"A"
712	"FS"	"FS,Capellan March,Taygeta Operational Area,Warren PDZ"
718	"A"	"A"
719	"OA"	"OA,Ramora Province"
725	"DC"	"DC,Galedon Military District,New Samarkand Prefecture"
728	"CJF"	"CJF"
729	"A"	"A"
735	"A"	"A"
738	"A"	"A"
739	"A"	"A"
740	"A"	"A"
744	"CC"	"CC,Victoria Commonality,Region 2"
746	"A"	"A"
752	"MOC"	"MOC"
758	"A"	"A"
759	"A"	"A"
762	"A"	"A"
768	"DC"	"DC,Pesht Military District,Bjarred Prefecture"
770	"A"	"A"
777	"LA"	"LA,Bolan Province,Cavanaugh Theater"
779	"A"	"A"
785	"A"	"A"
786	"FS"	"FS,Capellan March,Taygeta Operational Area,Altair PDZ"
787	"FWL"	"FWL"
789	"DC"	"DC,Galedon Military District,Matsuida Prefecture"
793	"LA"	"LA,Alarion Province"
794	"FWL"	"FWL,Principality of Regulus"
795	"CC"	"CC,Liao Commonality,Region 5"
796	"DC"	"DC,Dieron Military District,Vega Prefecture"
797	"LA"	"LA,Coventry Province,Melissia Theater"
804	"GBD"	"GBD"
807	"LA"	"LA,Donegal Province"
809	"A"	"A"
814	"CM"	"CM"
817	"CJF"	"CJF"
818	"FWL"	"FWL"
819	"FS"	"FS,Draconis March,Robinson Operational Area,Addicks PDZ"
823	"A"	"A"
826	"A"	"A"
828	"FS"	"FS,Crucis March,Markesan Operational Area,Kestrel Combat Region"
839	"FWL"	"FWL"
840	"FS"	"FS,Draconis March,Woodbine Operational Area,Bremond PDZ"
842	"FWL"	"FWL,Principality of Regulus"
845	"A"	"A"
848	"A"	"A"
849	"MOC"	"MOC"
853	"FS"	"FS,Crucis March,Markesan Operational Area,Achemar Combat Region"
854	"A"	"A"
857	"A"	"A"
858	"DC"	"DC,Benjamin Military District,Proserpina Prefecture"
859	"CWF"	"CWF"
861	"CWF"	"CWF"
864	"OA"	"OA,Baliggora Province"
869	"FS"	"FS,Crucis March,Minette Operational Area,Broken Wheel Combat Region"
874	"LA"	"LA,Alarion Province"
878	"A"	"A"
883	"TD"	"TD"
884	"FS"	"FS,Capellan March,Taygeta Operational Area,Altair PDZ"
885	"A"	"A"
888	"A"	"A"
889	"A"	"A"
894	"LA"	"LA,Donegal Province"
895	"LA"	"LA,Arc-Royal Theater"
896	"FS"	"FS,Capellan March,Taygeta Operational Area,New Syrtis PDZ"
899	"FS"	"FS,Capellan March,Taygeta Operational Area,Sirdar PDZ"
900	"CI"	"CI"
904	"CC"	"CC,Sian Commonality,Region 2"
908	"DC"	"DC,Benjamin Military District,Benjamin Prefecture"
909	"LA"	"LA,Bolan Province"
911	"FWL"	"FWL"
913	"A"	"A"
915	"A"	"A"
916	"A"	"A"
917	"LA"	"LA,Skye Province,Freedom Theater"
921	"FWL"	"FWL"
923	"LA"	"LA,Bolan Province"
933	"DC"	"DC,Galedon Military District,Matsuida Prefecture"
934	"A"	"A"
935	"FWL"	"FWL"
937	"A"	"A"
938	"LA"	"LA,Donegal Province"
939	"DC"	"DC,Pesht Military District,Albiero Prefecture"
945	"FS"	"FS,Capellan March,Kathil Operational Area,Region 1"
948	"A"	"A"
949	"LA"	"LA,Bolan Province,Cavanaugh Theater"
953	"LA"	"LA,Bolan Province,Cavanaugh Theater"
961	"A"	"A"
963	"LA"	"LA,Skye Province"
968	"FS"	"FS,Capellan March,Taygeta Operational Area,Sirdar PDZ"
969	"FWL"	"FWL"
976	"CJF"	"CJF"
980	"A"	"A"
986	"DC"	"DC,Galedon Military District,New Samarkand Prefecture"
987	"FWL"	"FWL"
989	"FWL"	"FWL,Sirian Concordat"
990	"DC"	"DC,Benjamin Military District,Buckminster Prefecture"
993	"FWL"	"FWL"
994	"A"	"A"
995	"LA"	"LA,Arc-Royal Theater"
996	"DC"	"DC,Pesht Military District,Qandahar Prefecture"
997	"A"	"A"
1000	"LA"	"LA,Arc-Royal Theater"
1001	"FS"	"FS,Draconis March,Woodbine Operational Area,Milligan PDZ"
1002	"CF"	"CF"
1013	"LA"	"LA,Arc-Royal Theater"
1020	"GBD"	"GBD"
1025	"LA"	"LA,Bolan Province"
1026	"FS"	"FS,Capellan March,Kathil Operational Area,Alcyone PDZ"
1027	"DC"	"DC,Galedon Military District,Oshika Prefecture"
1034	"CWF"	"CWF"
1038	"A"	"A"
1041	"A"	"A"
1049	"DC"	"DC,Galedon Military District,Oshika Prefecture"
1050	"DC"	"DC,Pesht Military District,Albiero Prefecture"
1051	"A"	"A"
1053	"A"	"A"
1055	"A"	"A"
1057	"MOC"	"MOC"
1061	"FWL"	"FWL"
1062	"DC"	"DC,Pesht Military District,Qandahar Prefecture"
1068	"A"	"A"
1071	"FS"	"FS,Draconis March,Woodbine Operational Area,Kilbourne PDZ"
1074	"A"	"A"
1077	"FWL"	"FWL"
1079	"A"	"A"
1084	"A"	"A"
1091	"DC"	"DC,Benjamin Military District,Benjamin Prefecture"
1092	"A"	"A"
1095	"A"	"A"
1096	"CJF"	"CJF"
1102	"LA"	"LA,Alarion Province"
1103	"A"	"A"
1105	"CC"	"CC,Sian Commonality,Region 3"
1108	"FS"	"FS,Draconis March,Woodbine Operational Area,Mayetta PDZ"
1110	"A"	"A"
1112	"CF"	"CF"
1114	"FWL"	"FWL"
1115	"FWL"	"FWL"
1116	"A"	"A"
1118	"FS"	"FS,Capellan March,Taygeta Operational Area,New Syrtis PDZ"
1123	"CWF"	"CWF"
1125	"CC"	"CC,Sian Commonality,Region 9"
1126	"GBD"	"GBD"
1128	"DC"	"DC,Benjamin Military District,Proserpina Prefecture"
1130	"CC"	"CC,Sian Commonality,Region 5"
1139	"CJF"	"CJF"
1140	"CC"	"CC,Sian Commonality,Region 5"
1142	"FWL"	"FWL"
1145	"CM"	"CM"
1146	"DC"	"DC,Pesht Military District,Ningxia Prefecture"
1147	"DC"	"DC,Galedon Military District,Matsuida Prefecture"
1149	"FWL"	"FWL,Mosiro Archipelago"
1152	"DC"	"DC,Galedon Military District,Oshika Prefecture"
1153	"CC"	"CC,Liao Commonality,Region 3"
1157	"CC"	"CC,Victoria Commonality,Region 7"
1163	"DC"	"DC,Pesht Military District,Kagoshima Prefecture"
1165	"FWL"	"FWL"
1167	"CWF"	"CWF"
1171	"FWL"	"FWL"
1176	"FS"	"FS,Capellan March,Taygeta Operational Area,Sirdar PDZ"
1178	"A"	"A"
1179	"A"	"A"
1184	"A"	"A"
1186	"CC"	"CC,Sian Commonality,Region 3"
1187	"FS"	"FS,Crucis March,Markesan Operational Area,Kestrel Combat Region"
1189	"FS"	"FS,Capellan March,Taygeta Operational Area,Sirdar PDZ"
1190	"A"	"A"
1191	"LA"	"LA,Coventry Province,Melissia Theater"
1195	"A"	"A"
1196	"FS"	"FS,Crucis March,Chirikof Operational Area,Remagen Combat Region"
1201	"FS"	"FS,Draconis March,Woodbine Operational Area,Milligan PDZ"
1205	"FWL"	"FWL,Marik Commonwealth"
1207	"FWL"	"FWL"
1211	"DC"	"DC,Benjamin Military District,Irurzun Prefecture,Minor Capital"
1214	"A"	"A"
1215	"TC"	"TC,Hyades Union"
1220	"CC"	"CC,Sian Commonality,Region 3"
1222	"A"	"A"
1224	"A"	"A"
1225	"FS"	"FS,Crucis March,Minette Operational Area,Broken Wheel Combat Region"
1231	"TC"	"TC,Hyades Union"
1236	"WB"	"WB"
1246	"A"	"A"
1250	"FS"	"FS,Crucis March,Minette Operational Area,Broken Wheel Combat Region"
1251	"GBD"	"GBD"
1253	"A"	"A"
1254	"A"	"A"
1259	"FS"	"FS,Capellan March,Taygeta Operational Area,Sirdar PDZ"
1267	"FWL"	"FWL"
1268	"DC"	"DC,Benjamin Military District,Proserpina Prefecture"
1270	"A"	"A"
1271	"FS"	"FS,Draconis March,Woodbine Operational Area,Mayetta PDZ"
1273	"GBD"	"GBD"
1276	"FS"	"FS,Crucis March,Chirikof Operational Area,Remagen Combat Region"
1283	"FWL"	"FWL,Silver Hawks Coalition"
1284	"A"	"A"
1289	"CWF"	"CWF"
1292	"FS"	"FS,Capellan March,Kathil Operational Area,Region 1"
1300	"CC"	"CC,Sian Commonality,Region 8"
1303	"A"	"A"
1305	"FWL"	"FWL"
1307	"LA"	"LA,Alarion Province"
1311	"A"	"A"
1312	"DC"	"DC,Galedon Military District,Matsuida Prefecture"
1315	"DC"	"DC,Galedon Military District,Kaznejoy Prefecture,Minor Capital"
1316	"A"	"A"
1317	"FWL"	"FWL"
1319	"WB"	"WB"
1323	"LA"	"LA,Arc-Royal Theater"
1324	"GBD"	"GBD"
1327	"FS"	"FS,Draconis March,Woodbine Operational Area,Bryceland PDZ"
1331	"A"	"A"
1339	"FS"	"FS,Crucis March,Minette Operational Area,Tsamma Combat Region"
1345	"DC"	"DC,Benjamin Military District,Buckminster Prefecture"
1347	"FS"	"FS,Capellan March,Taygeta Operational Area,New Syrtis PDZ"
1350	"FS"	"FS,Draconis March,Woodbine Operational Area,Kilbourne PDZ"
1351	"FS"	"FS,Crucis March,Chirikof Operational Area,Remagen Combat Region"
1352	"A"	"A"
1356	"A"	"A"
1357	"OA"	"OA,Ramora Province"
1362	"FWL"	"FWL,Marik Commonwealth"
1369	"FS"	"FS,Capellan March,Kathil Operational Area,Alcyone PDZ"
1371	"FWL"	"FWL"
1372	"LA"	"LA,Alarion Province,Timbuktu Theater"
1374	"DC"	"DC,Benjamin Military District,Proserpina Prefecture"
1378	"FS"	"FS,Capellan March,Kathil Operational Area,Kathil PDZ"
1380	"A"	"A"
1381	"DC"	"DC,Dieron Military District,Kessel Prefecture"
1382	"CWF"	"CWF"
1384	"LA"	"LA,Donegal Province"
1390	"A"	"A"
1392	"DC"	"DC,Dieron Military District,Kessel Prefecture"
1393	"CJF"	"CJF"
1397	"DC"	"DC,Benjamin Military District,Irurzun Prefecture"
1403	"LA"	"LA,Alarion Province"
1404	"FS"	"FS,Crucis March,Chirikof Operational Area,Remagen Combat Region"
1407	"FS"	"FS,Draconis March,Woodbine Operational Area,Milligan PDZ"
1415	"CC"	"CC,Sian Commonality,Region 1"
1417	"LA"	"LA,Coventry Province,Melissia Theater"
1423	"A"	"A"
1428	"DC"	"DC,Dieron Military District,Al Na'ir Prefecture"
1430	"FWL"	"FWL"
1432	"LA"	"LA,Coventry Province,Melissia Theater"
1438	"FWL"	"FWL"
1441	"CJF"	"CJF"
1443	"TC"	"TC,Hyades Union"
1446	"DC"	"DC,Dieron Military District,Kessel Prefecture"
1447	"LA"	"LA,Skye Province,Freedom Theater"
1450	"LA"	"LA,Alarion Province"
1451	"A"	"A"
1458	"FS"	"FS,Crucis March,Markesan Operational Area,Kestrel Combat Region"
1463	"FS"	"FS,Draconis March,Woodbine Operational Area,Bryceland PDZ"
1466	"FWL"	"FWL,Marik Commonwealth"
1472	"FS"	"FS,Capellan March,Kathil Operational Area,Alcyone PDZ"
1473	"LA"	"LA,Arc-Royal Theater"
1479	"FWL"	"FWL"
1480	"FWL"	"FWL,Duchy of Oriente"
1481	"CC"	"CC,Liao Commonality,Region 8"
1486	"DC"	"DC,Pesht Military District,Qandahar Prefecture"
1487	"A"	"A"
1490	"FS"	"FS,Draconis March,Robinson Operational Area,Raman PDZ"
1494	"FWL"	"FWL"
1503	"A"	"A"
1504	"A"	"A"
1508	"TC"	"TC,Perdition Union"
1515	"OA"	"OA,Alpheratz Province"
1520	"FS"	"FS,Capellan March,Taygeta Operational Area,Warren PDZ"
1522	"MH"	"MH,Lothian District,Major Capital"
1527	"A"	"A"
1531	"A"	"A"
1538	"A"	"A"
1541	"MOC"	"MOC"
1543	"FS"	"FS,Draconis March,Woodbine Operational Area,Bryceland PDZ"
1549	"LA"	"LA,Coventry Province,Melissia Theater"
1553	"FWL"	"FWL"
1555	"DC"	"DC,Pesht Military District,Kagoshima Prefecture"
1558	"FWL"	"FWL"
1563	"LA"	"LA,Coventry Province"
1565	"FS"	"FS,Capellan March,Taygeta Operational Area,Altair PDZ"
1568	"LA"	"LA,Alarion Province"
1571	"A"	"A"
1577	"FS"	"FS,Draconis March,Robinson Operational Area,Kentares PDZ"
1579	"FS"	"FS,Crucis March,Markesan Operational Area,New Avalon Combat Region"
1582	"LA"	"LA,Coventry Province,Melissia Theater"
1585	"A"	"A"
1586	"A"	"A"
1592	"GBD"	"GBD"
1593	"FWL"	"FWL,Abbey District"
1596	"FS"	"FS,Crucis March,Markesan Operational Area,Achemar Combat Region"
1600	"MOC"	"MOC"
1605	"DC"	"DC,Benjamin Military District,Irurzun Prefecture"
1606	"LA"	"LA,Skye Province,Freedom Theater"
1607	"LA"	"LA,Bolan Province,Cavanaugh Theater"
1611	"A"	"A"
1618	"A"	"A"
1620	"A"	"A"
1623	"DC"	"DC,Pesht Military District,Bjarred Prefecture"
1625	"FWL"	"FWL,Duchy of Oriente"
1626	"CC"	"CC,Liao Commonality,Region 7"
1631	"FWL"	"FWL"
1635	"A"	"A"
1636	"FS"	"FS,Draconis March,Woodbine Operational Area,Mayetta PDZ"
1638	"A"	"A"
1640	"DC"	"DC,Pesht Military District,Kagoshima Prefecture"
1641	"FS"	"FS,Draconis March,Robinson Operational Area,Raman PDZ"
1645	"FWL"	"FWL,The Protectorate"
1646	"FS"	"FS,Crucis March,Minette Operational Area,Anjin Muerto Combat Region"
1653	"LA"	"LA,Bolan Province"
1659	"FWL"	"FWL"
1660	"DC"	"DC,Benjamin Military District,Buckminster Prefecture"
1662	"A"	"A"
1663	"FS"	"FS,Crucis March,Minette Operational Area,Point Barrow Combat Region"
1666	"A"	"A"
1667	"LA"	"LA,Coventry Province,Melissia Theater,Minor Capital"
1669	"A"	"A"
1670	"CWF"	"CWF"
1675	"CC"	"CC,Liao Commonality,Region 4"
1676	"CC"	"CC,Sian Commonality,Region 10"
1684	"A"	"A"
1689	"FWL"	"FWL"
1692	"FS"	"FS,Crucis March,Minette Operational Area,Anjin Muerto Combat Region"
1695	"I"	"I"
1698	"FS"	"FS,Capellan March,Taygeta Operational Area,Altair PDZ"
1701	"DC"	"DC,Galedon Military District,Oshika Prefecture"
1704	"OA"	"OA,Cerberus Province"
1705	"FS"	"FS,Draconis March,Woodbine Operational Area,Kilbourne PDZ"
1706	"FWL"	"FWL,Duchy of Tamarind"
1710	"A"	"A"
1711	"DC"	"DC,Benjamin Military District,Benjamin Prefecture"
1715	"CC"	"CC,Capella Commonality,Region 4"
1720	"FS"	"FS,Draconis March,Woodbine Operational Area,Mayetta PDZ"
1725	"OA"	"OA,Alpheratz Province"
1731	"A"	"A"
1732	"DC"	"DC,Galedon Military District,New Samarkand Prefecture"
1737	"A"	"A"
1749	"CJF"	"CJF"
1750	"FS"	"FS,Crucis March,Chirikof Operational Area,Islamabad Combat Region"
1752	"DC"	"DC,Pesht Military District,Kagoshima Prefecture"
1754	"FS"	"FS,Capellan March,Kathil Operational Area,Valexa PDZ"
1762	"FS"	"FS,Draconis March,Woodbine Operational Area,Bremond PDZ"
1764	"FS"	"FS,Crucis March,Minette Operational Area,Broken Wheel Combat Region"
1769	"DC"	"DC,Pesht Military District,Qandahar Prefecture"
1771	"FWL"	"FWL"
1772	"LA"	"LA,Skye Province,Freedom Theater"
1779	"FS"	"FS,Crucis March,Markesan Operational Area,Achemar Combat Region"
1780	"A"	"A"
1782	"A"	"A"
1792	"FS"	"FS,Crucis March,Chirikof Operational Area,Islamabad Combat Region"
1794	"A"	"A"
1796	"FS"	"FS,Capellan March,Kathil Operational Area,Region 1"
1797	"A"	"A"
1798	"FS"	"FS,Capellan March,Taygeta Operational Area,Altair PDZ"
1802	"FWL"	"FWL"
1803	"FS"	"FS,Crucis March,Markesan Operational Area,Kestrel Combat Region"
1805	"LA"	"LA,Coventry Province,Melissia Theater"
1806	"FWL"	"FWL,Rim Commonality"
1814	"FS"	"FS,Capellan March,Kathil Operational Area,Valexa PDZ"
1815	"A"	"A"
1817	"CWF"	"CWF"
1819	"CWF"	"CWF"
1822	"A"	"A"
1825	"FS"	"FS,Crucis March,Chirikof Operational Area,Remagen Combat Region"
1827	"LA"	"LA,Arc-Royal Theater"
1828	"A"	"A"
1835	"FWL"	"FWL,Silver Hawks Coalition"
1841	"FWL"	"FWL,Marik Commonwealth"
1844	"A"	"A"
1845	"FS"	"FS,Draconis March,Robinson Operational Area,Kentares PDZ"
1850	"CC"	"CC,Liao Commonality,Region 8"
1852	"A"	"A"
1854	"FS"	"FS,Capellan March,Taygeta Operational Area,New Syrtis PDZ,Major Capital"
1855	"A"	"A"
1858	"TC"	"TC,Hyades Union"
1861	"FWL"	"FWL"
1863	"CJF"	"CJF"
1864	"A"	"A"
1865	"FWL"	"FWL,Principality of Regulus"
1869	"CC"	"CC,Sian Commonality,Region 8"
1873	"DC"	"DC,Pesht Military District,Ningxia Prefecture,Minor Capital"
1876	"FS"	"FS,Crucis March,Chirikof Operational Area,Remagen Combat Region"
1878	"A"	"A"
1879	"A"	"A"
1884	"FWL"	"FWL"
1886	"A"	"A"
1891	"TC"	"TC,Perdition Union"
1895	"CM"	"CM"
1899	"FWL"	"FWL,The Protectorate"
1902	"I"	"I"
1905	"GBD"	"GBD"
1907	"A"	"A"
1909	"FS"	"FS,Crucis March,Markesan Operational Area,New Avalon Combat Region"
1910	"DC"	"DC,Benjamin Military District,Buckminster Prefecture"
1912	"FS"	"FS,Crucis March,Chirikof Operational Area,Remagen Combat Region"
1913	"LA"	"LA,Skye Province,Freedom Theater"
1916	"CWF"	"CWF"
1922	"LA"	"LA,Donegal Province"
1927	"FWL"	"FWL,Ohren Province"
1935	"A"	"A"
1938	"FS"	"FS,Crucis March,Minette Operational Area,Broken Wheel Combat Region"
1943	"I"	"I"
1944	"FS"	"FS,Capellan March,Kathil Operational Area,Valexa PDZ"
1946	"FR"	"FR,Faction Capital"
1956	"DC"	"DC,Benjamin Military District,Buckminster Prefecture"
1957	"RC"	"RC"
1958	"FS"	"FS,Draconis March,Woodbine Operational Area,Bremond PDZ"
1960	"A"	"A"
1962	"CWF"	"CWF"
1964	"CC"	"CC,Capella Commonality,Region 7"
1975	"CC"	"CC,Liao Commonality,Region 6"
1976	"CJF"	"CJF"
1987	"DC"	"DC,Benjamin Military District,Irurzun Prefecture"
1996	"FS"	"FS,Crucis March,Markesan Operational Area,Kestrel Combat Region"
2000	"A"	"A"
2003	"DC"	"DC,Benjamin Military District,Benjamin Prefecture"
2004	"A"	"A"
2005	"A"	"A"
2009	"A"	"A"
2014	"A"	"A"
2015	"CWF"	"CWF"
2024	"DC"	"DC,Dieron Military District,Ashio Prefecture"
2030	"FWL"	"FWL"
2038	"FS"	"FS,Capellan March,Taygeta Operational Area,Altair PDZ"
2047	"GBD"	"GBD"
2049	"GBD"	"GBD"
2057	"LA"	"LA,Alarion Province,Timbuktu Theater"
2061	"GBD"	"GBD"
2063	"A"	"A"
2069	"FS"	"FS,Draconis March,Woodbine Operational Area,Mayetta PDZ"
2073	"IE"	"IE"
2078	"A"	"A"
2081	"DC"	"DC,Pesht Military District,Qandahar Prefecture"
2083	"A"	"A"
2085	"DC"	"DC,Pesht Military District,Qandahar Prefecture,Minor Capital"
2089	"CWF"	"CWF"
2090	"OA"	"OA,Alpheratz Province"
2094	"OA"	"OA,Ramora Province"
2095	"LA"	"LA,Alarion Province"
2103	"CC"	"CC,Liao Commonality,Region 8"
2111	"OA"	"OA,Baliggora Province"
2112	"FS"	"FS,Draconis March,Robinson Operational Area,Raman PDZ"
2117	"CWF"	"CWF"
2128	"LA"	"LA,Alarion Province"
2130	"A"	"A"
2132	"DC"	"DC,Benjamin Military District,Irurzun Prefecture"
2133	"FS"	"FS,Crucis March,Chirikof Operational Area,Remagen Combat Region"
2134	"CC"	"CC,Capella Commonality,Region 3"
2137	"FWL"	"FWL"
2142	"A"	"A"
2145	"A"	"A"
2151	"DC"	"DC,Pesht Military District,Albiero Prefecture"
2154	"FS"	"FS,Capellan March,Taygeta Operational Area,Altair PDZ"
2157	"FS"	"FS,Draconis March,Robinson Operational Area,Kentares PDZ"
2166	"FrR"	"FrR"
2169	"FWL"	"FWL"
2170	"CC"	"CC,Victoria Commonality,Region 7"
2171	"FWL"	"FWL"
2172	"CJF"	"CJF"
2173	"A"	"A"
2179	"A"	"A"
2182	"FS"	"FS,Draconis March,Robinson Operational Area,Dahar PDZ"
2187	"FS"	"FS,Capellan March,Kathil Operational Area,Region 1"
2195	"A"	"A"
2199	"A"	"A"
2200	"DC"	"DC,Dieron Military District,Kessel Prefecture"
2202	"DC"	"DC,Dieron Military District,Al Na'ir Prefecture"
2207	"FS"	"FS,Crucis March,Markesan Operational Area,New Avalon Combat Region"
2209	"DC"	"DC,Benjamin Military District,Benjamin Prefecture"
2213	"DC"	"DC,Galedon Military District,New Samarkand Prefecture"
2215	"FS"	"FS,Capellan March,Kathil Operational Area,Kathil PDZ"
2216	"DC"	"DC,Pesht Military District,Qandahar Prefecture"
2218	"FWL"	"FWL,Duchy of Tamarind"
2219	"A"	"A"
2222	"A"	"A"
2223	"TC"	"TC,Hyades Union"
2224	"A"	"A"
2229	"LA"	"LA,Coventry Province"
2230	"A"	"A"
2231	"A"	"A"
2232	"A"	"A"
2233	"FWL"	"FWL"
2236	"LA"	"LA,Alarion Province"
2242	"CC"	"CC,Liao Commonality,Region 6"
2249	"FS"	"FS,Crucis March,Markesan Operational Area,Kestrel Combat Region"
2250	"FWL"	"FWL"
2257	"FS"	"FS,Draconis March,Robinson Operational Area,Kentares PDZ"
2262	"A"	"A"
2263	"A"	"A"
2264	"DC"	"DC,Pesht Military District,Albiero Prefecture"
2267	"FS"	"FS,Crucis March,Markesan Operational Area,Achemar Combat Region"
2270	"CC"	"CC,Liao Commonality,Region 5"
2272	"LA"	"LA,Skye Province"
2274	"FS"	"FS,Capellan March,Taygeta Operational Area,New Syrtis PDZ"
2275	"FWL"	"FWL"
2277	"A"	"A"
2279	"LA"	"LA,Bolan Province,Cavanaugh Theater"
2286	"A"	"A"
2291	"A"	"A"
2297	"A"	"A"
2299	"FS"	"FS,Crucis March,Minette Operational Area,Anjin Muerto Combat Region"
2300	"GBD"	"GBD"
2301	"CC"	"CC,Liao Commonality,Region 3"
2308	"FWL"	"FWL,Silver Hawks Coalition"
2309	"A"	"A"
2311	"DC"	"DC,Pesht Military District,Kagoshima Prefecture"
2312	"DC"	"DC,Benjamin Military District,Buckminster Prefecture"
2316	"A"	"A"
2320	"DC"	"DC,Benjamin Military District,Buckminster Prefecture"
2322	"FS"	"FS,Capellan March,Kathil Operational Area,Alcyone PDZ"
2323	"FS"	"FS,Crucis March,Minette Operational Area,Point Barrow Combat Region"
2328	"A"	"A"
2337	"DC"	"DC,Benjamin Military District,Benjamin Prefecture"
2340	"DC"	"DC,Galedon Military District,New Samarkand Prefecture"
2346	"FWL"	"FWL,Sirian Concordat"
2348	"GBD"	"GBD"
2349	"A"	"A"
2350	"FS"	"FS,Draconis March,Robinson Operational Area,Kentares PDZ"
2351	"FS"	"FS,Crucis March,Minette Operational Area,Broken Wheel Combat Region"
2352	"A"	"A"
2353	"CWF"	"CWF"
2361	"A"	"A"
2362	"FS"	"FS,Capellan March,Kathil Operational Area,Kathil PDZ"
2368	"FS"	"FS,Crucis March,Markesan Operational Area,Kestrel Combat Region"
2370	"WB"	"WB,Faction Capital"
2374	"LA"	"LA,Alarion Province,Timbuktu Theater"
2375	"FS"	"FS,Crucis March,Chirikof Operational Area,Islamabad Combat Region"
2376	"FWL"	"FWL,The Protectorate"
2381	"GBD"	"GBD"
2383	"A"	"A"
2390	"A"	"A"
2391	"CC"	"CC,St. Ives Commonality,Region 2,Major Capital"
2399	"DC"	"DC,Pesht Military District,Bjarred Prefecture"
2400	"A"	"A"
2401	"CWF"	"CWF"
2402	"A"	"A"
2407	"A"	"A"
2409	"FS"	"FS,Draconis March,Woodbine Operational Area,Kilbourne PDZ"
2415	"A"	"A"
2416	"A"	"A"
2418	"FWL"	"FWL"
2422	"FS"	"FS,Crucis March,Markesan Operational Area,Kestrel Combat Region"
2424	"FS"	"FS,Draconis March,Woodbine Operational Area,Bryceland PDZ"
2429	"DC"	"DC,Galedon Military District,Tabayama Prefecture"
2432	"FS"	"FS,Crucis March,Minette Operational Area,Tsamma Combat Region"
2433	"LA"	"LA,Skye Province,Freedom Theater"
2434	"A"	"A"
2436	"A"	"A"
2440	"LA"	"LA,Arc-Royal Theater"
2449	"LA"	"LA,Donegal Province"
2450	"A"	"A"
2452	"A"	"A"
2453	"FS"	"FS,Draconis March,Woodbine Operational Area,Mayetta PDZ"
2456	"FS"	"FS,Crucis March,Minette Operational Area,Anjin Muerto Combat Region"
2459	"CI"	"CI"
2460	"A"	"A"
2465	"LA"	"LA,Coventry Province,Melissia Theater"
2466	"A"	"A"
2469	"FWL"	"FWL"
2471	"A"	"A"
2472	"CC"	"CC,St. Ives Commonality,Region 4"
2475	"FWL"	"FWL,Duchy of Tamarind,Minor Capital"
2479	"FS"	"FS,Draconis March,Woodbine Operational Area,Kilbourne PDZ"
2481	"DC"	"DC,Benjamin Military District,Xinyang Prefecture"
2485	"A"	"A"
2488	"FWL"	"FWL"
2491	"DC"	"DC,Pesht Military District,Irece Prefecture"
2492	"FS"	"FS,Draconis March,Robinson Operational Area,Le Blanc PDZ"
2493	"DC"	"DC,Pesht Military District,Bjarred Prefecture"
2495	"FS"	"FS,Crucis March,Chirikof Operational Area,Remagen Combat Region"
2496	"A"	"A"
2499	"A"	"A"
2500	"TC"	"TC,Hyades Union,Faction Capital"
2502	"FS"	"FS,Capellan March,Taygeta Operational Area,Altair PDZ,Minor Capital"
2504	"FWL"	"FWL"
2508	"FS"	"FS,Crucis March,Chirikof Operational Area,Islamabad Combat Region"
2509	"OA"	"OA,Ramora Province"
2512	"FWL"	"FWL,Rim Commonality"
2516	"FS"	"FS,Crucis March,Chirikof Operational Area,Islamabad Combat Region"
2521	"CC"	"CC,St. Ives Commonality,Region 4"
2522	"A"	"A"
2525	"CWF"	"CWF"
2530	"GBD"	"GBD"
2537	"LA"	"LA,Bolan Province"
2540	"FWL"	"FWL"
2545	"CC"	"CC"
2546	"LA"	"LA,Bolan Province,Cavanaugh Theater"
2547	"LA"	"LA,Alarion Province,Timbuktu Theater,Minor Capital"
2548	"LA"	"LA,Coventry Province"
2556	"FS"	"FS,Crucis March,Markesan Operational Area,Achemar Combat Region"
2558	"DC"	"DC,Galedon Military District,Oshika Prefecture"
2560	"FWL"	"FWL,Rim Commonality"
2561	"DC"	"DC,Benjamin Military District,Benjamin Prefecture"
2565	"A"	"A"
2566	"A"	"A"
2567	"FWL"	"FWL"
2568	"FS"	"FS,Crucis March,Markesan Operational Area,New Avalon Combat Region"
2571	"A"	"A"
2573	"A"	"A"
2575	"MH"	"MH,Illyrian District"
2578	"CJF"	"CJF"
2580	"LA"	"LA,Bolan Province"
2583	"LA"	"LA,Alarion Province"
2584	"OA"	"OA,Baliggora Province"
2585	"FWL"	"FWL"
2590	"CC"	"CC,Liao Commonality,Region 9"
2594	"LA"	"LA,Coventry Province"
2598	"FWL"	"FWL"
2603	"A"	"A"
2604	"A"	"A"
2605	"A"	"A"
2615	"A"	"A"
2616	"FWL"	"FWL"
2617	"A"	"A"
2621	"A"	"A"
2622	"A"	"A"
2623	"A"	"A"
2625	"A"	"A"
2628	"A"	"A"
2631	"A"	"A"
2633	"CWF"	"CWF"
2635	"FS"	"FS,Capellan March,Taygeta Operational Area,Sirdar PDZ"
2637	"LA"	"LA,Alarion Province,Timbuktu Theater"
2638	"GBD"	"GBD"
2639	"LA"	"LA,Bolan Province"
2648	"FS"	"FS,Capellan March,Kathil Operational Area,Valexa PDZ"
2653	"A"	"A"
2656	"DC"	"DC,Benjamin Military District,Benjamin Prefecture"
2657	"A"	"A"
2663	"A"	"A"
2667	"DC"	"DC,Dieron Military District,Vega Prefecture,Minor Capital"
2671	"FWL"	"FWL,Ohren Province"
2680	"LA"	"LA,Alarion Province,Timbuktu Theater"
2681	"FS"	"FS,Draconis March,Woodbine Operational Area,Milligan PDZ"
2683	"A"	"A"
2687	"FWL"	"FWL"
2688	"FWL"	"FWL,Duchy of Andurien"
2690	"LA"	"LA,Skye Province,Freedom Theater"
2694	"DC"	"DC,Pesht Military District,Bjarred Prefecture"
2698	"MOC"	"MOC"
2702	"GBD"	"GBD"
2703	"A"	"A"
2705	"FWL"	"FWL,Regulan Free States"
2706	"CWF"	"CWF"
2707	"A"	"A"
2712	"A"	"A"
2713	"DC"	"DC,Galedon Military District,Kaznejoy Prefecture"
2714	"CJF"	"CJF"
2717	"A"	"A"
2724	"FWL"	"FWL"
2734	"FS"	"FS,Crucis March,Minette Operational Area,Point Barrow Combat Region"
2737	"CWF"	"CWF"
2741	"A"	"A"
2748	"LA"	"LA,Donegal Province"
2756	"FWL"	"FWL"
2758	"LA"	"LA,Coventry Province,Melissia Theater"
2764	"A"	"A"
2765	"LA"	"LA,Coventry Province,Melissia Theater"
2772	"FS"	"FS,Draconis March,Woodbine Operational Area,Milligan PDZ,Minor Capital"
2773	"FS"	"FS,Capellan March,Kathil Operational Area,Region 1"
2777	"FS"	"FS,Capellan March,Taygeta Operational Area,Altair PDZ"
2780	"FS"	"FS,Crucis March,Markesan Operational Area,Achemar Combat Region"
2783	"A"	"A"
2786	"FS"	"FS,Draconis March,Robinson Operational Area,Raman PDZ"
2788	"CC"	"CC,Sian Commonality,Region 9"
2790	"DC"	"DC,Pesht Military District,Irece Prefecture"
2791	"A"	"A"
2803	"LA"	"LA,Alarion Province"
2807	"CC"	"CC,Liao Commonality,Region 5"
2808	"CC"	"CC,Victoria Commonality,Region 6"
2810	"DC"	"DC,Galedon Military District,New Samarkand Prefecture"
2814	"A"	"A"
2819	"LA"	"LA,Alarion Province"
2820	"A"	"A"
2822	"CC"	"CC,Liao Commonality,Region 7"
2824	"A"	"A"
2825	"LA"	"LA,Bolan Province,Cavanaugh Theater"
2826	"LA"	"LA,Skye Province,Freedom Theater"
2831	"A"	"A"
2836	"A"	"A"
2839	"A"	"A"
2844	"FS"	"FS,Crucis March,Minette Operational Area,Anjin Muerto Combat Region"
2856	"MH"	"MH"
2861	"MH"	"MH"
2866	"MH"	"MH,Lothian District"
2867	"MH"	"MH,Lothian District"
2870	"MH"	"MH,Lothian District"
2871	"MH"	"MH"
2873	"I"	"I"
2874	"MH"	"MH"
2875	"MH"	"MH,Lothian District"
2876	"MH"	"MH"
2881	"TC"	"TC,Hyades Union"
2885	"CWF"	"CWF"
2893	"FrR"	"FrR"
2897	"OA"	"OA,Ramora Province"
2899	"CDP"	"CDP,Faction Capital"
2903	"TC"	"TC,Farseer Union"
2911	"CDP"	"CDP"
2916	"CDP"	"CDP"
2918	"GBD"	"GBD"
2919	"TC"	"TC,Hyades Union"
2922	"FWL"	"FWL"
2924	"TC"	"TC,Hyades Union"
2926	"I"	"I"
2928	"C"	"C"
2929	"CSA"	"CSA"
2930	"C"	"C"
2931	"C"	"C"
2944	"C"	"C"
2952	"C"	"C"
2953	"C"	"C"
2955	"CHH"	"CHH,Faction Capital"
2959	"CFM"	"CFM,Faction Capital"
2960	"CSA"	"CSA,Faction Capital"
2964	"C"	"C"
2965	"C"	"C"
2966	"C"	"C"
2967	"CWF"	"CWF"
2968	"CDS"	"CDS"
2969	"C"	"C"
2971	"MOC"	"MOC"
2972	"NC"	"NC"
2979	"NC"	"NC"
2981	"HL"	"HL,Region 4"
2982	"HL"	"HL,Region 7"
2993	"HL"	"HL,Region 8"
2994	"HL"	"HL,Region 9"
2996	"HL"	"HL,Region 2"
3000	"HL"	"HL,Region 6"
3005	"HL"	"HL,Region 8"
3006	"HL"	"HL,Region 9"
3017	"CDS"	"CDS"
3018	"CDS"	"CDS"
3020	"CDS"	"CDS"
3023	"CDS"	"CDS"
3026	"CHH"	"CHH"
3039	"CWF"	"CWF"
3041	"CJF"	"CJF"
3067	"AP"	"AP"
3070	"AP"	"AP"
3072	"AP"	"AP"
3073	"AP"	"AP"
3074	"AP"	"AP"
3075	"AP"	"AP,Faction Capital"
3076	"AP"	"AP"
3084	"IE"	"IE"
3096	"NDC"	"NDC"
3097	"NDC"	"NDC"
3121	"A"	"A"
3126	"U"	"U"
3132	"U"	"U"
3134	"U"	"U"
3136	"JF"	"JF"
3137	"U"	"U"
3140	"A"	"A"
3142	"A"	"A"
3144	"A"	"A"
3147	"A"	"A"
3149	"A"	"A"
3152	"A"	"A"
3155	"A"	"A"
3156	"A"	"A"
3157	"A"	"A"
3160	"A"	"A"
3164	"A"	"A"
3168	"U"	"U"
3174	"U"	"U"
