"Star_code"	"star_name"	"Distance (Lightyears)"	"Effective Temperature"	"Relative Mass"	"STAR RADIUS"	"Star Luminosity"	"type of star"
3157	"Nuncavoy"	448.099	2468	0.4	0.23	NA	"M-2-V"
291	"Belamor"	300.235	2910	0.4	0.24	0.01	"M-0-V"
113	"Amber"	471.531	3357	0.2	0.09	0.02	"M-1-V"
568	"Clipperton"	322.215	2997	0.4	0.68	0.07	"M-3-V"
1596	"Manteno"	202.418	3334	0.1	0.67	0.01	"M-1-V"
661	"Danxian"	347.841	2452	0.4	0.21	0.02	"M-7-V"
219	"Avigait"	314.788	NA	0.5	0.83	0.25	"K-5-V"
2952	"Lum"	1757.919	3377	0.4	0.1	0.07	"M-2-V"
398	"Broaddus"	468.359	4227	0.6	0.87	0.19	"K-5-V"
3090	"Star Cluster 643"	1944.995	2699	0.4	0.23	0.04	"M-2-V"
315	"Beten Kaitos"	201.724	3735	0.5	0.88	0.15	"K-5-V"
1055	"Harlez"	531.345	2820	0.2	0.65	0.07	"M-4-V"
1103	"Hè-shì"	359.722	2885	0.4	0.59	0.02	"M-2-V"
563	"Claxton"	264.639	2427	0.3	0.54	0.04	"M-2-V"
146	"Antares"	322.867	3011	0.2	0.43	0.04	"M-2-V"
183	"Arromanches"	432.784	5227	1	1.12	1	"G-5-V"
698	"Detroit"	452.956	3938	0.8	0.79	0.43	"K-2-V"
2663	"Várri"	549.157	2866	0.4	0.28	0.06	"M-5-V"
1284	"Kalmar"	309.746	3122	0.4	0.36	0.05	"M-2-V"
512	"Chagos"	347.407	4108	0.5	0.71	0.2	"K-6-V"
608	"Cotocallao"	332.801	2730	0.1	0.25	0.07	"M-3-V"
1715	"Minnacora"	187.311	2430	0.4	0.42	0.06	"M-0-V"
854	"Fathepur"	358.295	2503	0.2	0.57	NA	"M-4-V"
614	"Covington"	390.202	4635	0.8	0.95	0.15	"K-3-V"
1704	"Milligan's World"	500.23	2902	0.2	0.49	0.05	"M-5-V"
1390	"Kolobrzeg"	137.987	2680	0.4	0.11	0.03	"M-5-V"
1480	"Les Halles"	191.978	5663	0.8	0.99	1.36	"G-2-V"
2968	"Vinton"	1912.192	3253	0.1	0.55	0.05	"M-3-V"
2337	"Silkeborg"	259.715	3879	0.5	0.8	0.45	"K-5-V"
2509	"Tellman"	546.04	2873	0.4	0.58	0.04	"M-0-V"
2083	"Qalzi"	465.835	5578	1	0.96	0.75	"G-4-V"
2560	"Tohelet"	394.307	4280	0.7	0.87	0.27	"K-5-V"
2300	"Sheliak"	297.041	5288	1	1.11	1.35	"G-4-V"
1225	"Jaboatao"	525.95	2693	0.3	0.26	0.04	"M-2-V"
130	"Andro"	225.566	2560	0.1	0.49	0.05	"M-3-V"
995	"Graus"	313.792	4160	0.8	0.83	0.18	"K-2-V"
1779	"Muskegon"	192.158	2760	0.4	0.16	0.06	"M-2-V"
2504	"Tchamba"	335.189	NA	0.3	0.35	0.03	"M-7-V"
2916	"Oscar"	710.665	2572	0.4	0.62	0.03	"M-1-V"
444	"Callisto"	199.615	5309	0.9	1.13	1.07	"G-2-V"
1494	"Ling"	128.8	2960	0.4	0.11	NA	"M-4-V"
58	"Alcyone"	236.381	2648	0.2	0.52	0.07	"M-7-V"
718	"Dili"	304.312	5403	1	1.14	0.96	"G-2-V"
2418	"Stotzing"	402.537	2942	NA	0.23	0.07	"M-5-V"
3045	"Argondale"	1104.532	5502	0.8	1.12	1.28	"G-2-V"
3155	"Don't"	490.611	3732	0.8	0.92	0.18	"K-7-V"
1123	"Hohenems"	348.885	2969	0.2	0.21	0.05	"M-2-V"
2171	"Romita"	434.714	2696	0.2	0.23	0.06	"M-3-V"
2481	"Tanh Linh"	249.237	3689	0.1	0.2	NA	"M-0-V"
968	"Glentworth"	341.741	3876	0.5	0.71	0.23	"K-5-V"
3121	"Rim Worlds Republic Outpost #11"	1635.14	2426	0.3	0.18	0.02	"M-2-V"
276	"Baxley"	457.489	3928	0.7	0.92	0.3	"K-7-V"
2764	"Wingzar"	483.736	3847	0.5	0.95	0.51	"K-2-V"
288	"Beils"	245.582	2526	0.3	0.64	0.06	"M-7-V"
16	"Accrington"	145.319	2722	0.3	0.48	0.05	"M-2-V"
2230	"Santiago"	436.907	4018	0.6	0.82	0.18	"K-2-V"
2979	"Navarre"	1351.008	3126	0.1	0.64	0.08	"M-2-V"
915	"Gaeri"	701.31	3265	0.4	0.41	0.02	"M-3-V"
997	"Gravensteen"	257.231	2673	0.3	0.13	0.05	"M-1-V"
507	"Cerignola"	435.399	2452	0.3	0.18	0.03	"M-4-V"
2374	"Son Hoa"	422.626	5594	NA	1.02	NA	"G-4-V"
3005	"Stralsund"	983.017	2858	0.3	0.21	0.07	"M-2-V"
2712	"Waitur"	631.541	2810	0.1	0.25	0.04	"M-1-V"
3084	"Richmond's World"	896.575	3249	0.1	0.69	0.08	"M-1-V"
550	"Chorley"	504.98	2429	0.1	0.18	0.02	"M-3-V"
404	"Brookeland"	445.817	2607	0.3	0.46	0.06	"M-7-V"
2605	"Turov"	387.029	5688	0.8	0.96	NA	"G-2-V"
1441	"Lackhove"	474.296	2635	0.2	0.26	0.07	"M-5-V"
1646	"McRae"	559.604	4324	0.5	0.88	0.54	"K-3-V"
579	"Coloma"	296.543	4516	0.8	0.86	0.19	"K-3-V"
50	"Al Jubaylah"	336.451	2445	0.1	0.49	0.06	"M-2-V"
2297	"Shaun"	332.358	5312	0.9	1.09	1.25	"G-2-V"
1276	"Kaguyak"	379.567	2623	0.1	0.45	0.03	"M-5-V"
1607	"Mariefred"	181.997	2453	0.1	0.33	0.06	"M-2-V"
1752	"Monywa"	438.588	2512	0.3	0.38	0.08	"M-2-V"
1096	"Here"	469.486	3094	0.3	0.3	0.03	"M-2-V"
2005	"Pell"	335.266	5203	0.8	1.14	1.18	"G-2-V"
1878	"Nis"	312.667	3301	0.1	0.56	0.06	"M-2-V"
2694	"Virentofta"	446.876	4063	0.7	0.73	0.34	"K-6-V"
1568	"Maisons"	346.154	2827	0.4	0.1	0.02	"M-5-V"
1372	"Kladnitsa"	433.642	2654	0.2	0.32	0.04	"M-2-V"
1250	"Jesup"	514.985	2881	0.3	0.08	0.03	"M-2-V"
696	"Deshler"	227.569	3856	0.6	0.72	0.12	"K-6-V"
3140	"Lamar"	267.085	3858	0.5	0.71	0.3	"K-2-V"
2219	"Saltural"	256.829	3101	0.1	0.51	0.04	"M-4-V"
814	"Epsilon Indi"	33.089	2560	0.2	0.57	NA	"M-1-V"
3096	"Belgae"	978.662	3859	0.7	0.73	0.24	"K-7-V"
1458	"Larned"	295.318	2489	0.3	0.53	0.05	"M-7-V"
2548	"Timehri"	395.6	2672	NA	0.37	0.02	"M-3-V"
3031	"Star Cluster A51"	1580.127	2516	0.4	0.09	0.05	"M-6-V"
746	"Du Lac"	381.017	3096	0.2	0.64	0.06	"M-2-V"
3144	"Amnesty"	431.486	3021	0.4	0.63	0.05	"M-4-V"
1001	"Greeley"	451.056	2772	0.4	0.56	0.03	"M-5-V"
1618	"Marsalle"	334.917	2635	0.2	0.31	0.05	"M-5-V"
642	"Cyrenaica"	315.516	4235	0.5	0.96	0.33	"K-3-V"
2275	"Semenyih"	177.932	2430	0.2	0.55	0.02	"M-3-V"
145	"Antallos"	542.011	2977	0.1	0.26	0.04	"M-4-V"
3164	"Tarragona"	525.572	2459	0.3	0.21	0.04	"M-1-V"
1205	"Ionus"	238.831	2470	0.1	0.42	0.04	"M-7-V"
849	"Fanardir"	415.782	3292	0.3	0.08	0.03	"M-1-V"
2874	"New Venice"	556.301	2538	0.1	0.24	0.06	"M-5-V"
2522	"Teylingen"	434.567	2458	0.1	0.44	0.03	"M-8-V"
446	"Calpaca"	215.775	3805	0.8	0.96	0.31	"K-2-V"
2286	"Seven Lands"	526.169	2650	0.2	0.16	0.03	"M-0-V"
1152	"Hun Ho"	285.115	2915	0.2	0.6	0.06	"M-3-V"
99	"Altdorf"	353.928	2931	0.2	0.08	0.01	"M-3-V"
706	"Diass"	308.861	2503	0.4	0.13	0.03	"M-6-V"
2242	"Sarmaxa"	171.838	4175	0.8	0.88	0.1	"K-3-V"
231	"Babaeski"	337.166	2998	0.3	0.1	0.04	"M-2-V"
2004	"Pec"	273.978	5539	1	1.1	1.03	"G-5-V"
3023	"Gwithian"	830.561	2862	0.3	0.61	0.06	"M-2-V"
180	"Armstrong"	488.465	2764	0.3	0.13	0.06	"M-2-V"
3032	"Star Cluster P12"	1309.703	4242	0.5	0.92	0.37	"K-3-V"
572	"Colchester"	305.568	4453	0.7	0.87	0.29	"K-0-V"
1943	"Oporto"	545.053	2576	0.4	0.1	NA	"M-2-V"
3017	"Attenbrooks"	988.69	5707	1	1.14	0.96	"G-2-V"
596	"Cordiagr"	192.582	2559	0.2	0.65	0.02	"M-4-V"
2502	"Taygeta"	356.059	2539	0.2	0.21	0.04	"M-5-V"
1764	"Morven"	563.9	5241	1	1.12	1.09	"G-2-V"
39	"Agematsu"	314.421	3332	0.2	0.57	NA	"M-1-V"
1873	"Ningxia"	444.213	2894	0.3	0.67	0.05	"M-3-V"
44	"Aiguebelle"	398.048	5081	0.6	0.9	0.09	"K-0-V"
2623	"Ulvskollen"	618.155	2744	0.2	0.26	NA	"M-1-V"
2558	"Togura"	271.847	3069	0.4	0.58	0.05	"M-1-V"
1806	"Negushevo"	396.623	2498	0.2	0.55	0.01	"M-8-V"
1641	"McComb"	229.639	2827	0.4	0.68	0.07	"M-2-V"
1167	"Icar"	422.139	3239	0.4	0.35	0.04	"M-2-V"
1964	"Ovan"	208.056	2674	0.2	0.53	0.04	"M-3-V"
2633	"Unzmarkt"	364.943	2594	0.1	0.46	0.06	"M-0-V"
672	"Decatur"	340.59	4088	0.5	0.82	0.34	"K-2-V"
1432	"Kwangjong-ni"	487.865	3060	0.1	0.69	0.05	"M-3-V"
2897	"Dormandaine"	473.168	2697	0.3	0.41	0.02	"M-3-V"
1805	"Neerabup"	475.797	5360	0.8	0.99	NA	"G-2-V"
1606	"Marfik"	105.768	3291	0.4	0.63	0.05	"M-1-V"
198	"Athenry"	35.61	2408	0.4	0.15	0.03	"M-3-V"
858	"Fellanin"	136.093	3905	NA	0.71	0.19	"K-0-V"
1270	"Jungar Qi"	282.323	3187	0.2	0.4	0.03	"M-2-V"
3020	"Ctesiphon"	1093.331	5348	1	1.12	1.02	"G-2-V"
1553	"Mackenzie"	345.175	5680	0.9	0.97	1.05	"G-2-V"
343	"Blida"	293.304	3233	0.4	0.21	0.05	"M-1-V"
1178	"Ildlandet"	401.226	2920	0.2	0.18	0.03	"M-4-V"
2089	"Quarell"	234.588	2608	0.2	0.3	0.04	"M-0-V"
206	"Atzenbrugg"	416.882	3025	0.2	0.39	0.01	"M-0-V"
1577	"Mallory's World"	111.558	2604	0.2	0.54	0.04	"M-6-V"
1944	"Orbisonia"	215.934	2573	0.4	0.39	0.04	"M-3-V"
1817	"New Bergen"	403.412	2810	0.3	0.7	0.04	"M-3-V"
1146	"Huaide"	473.488	4696	0.8	0.84	0.1	"K-1-V"
161	"Aquavita"	302.529	3919	NA	0.78	NA	"K-2-V"
2926	"Tyrrhenia"	649.819	2656	0.2	0.62	0.04	"M-6-V"
1792	"Naka Pabni"	477.362	2954	0.4	0.54	0.05	"M-3-V"
2433	"Summer"	51.54	2916	0.2	0.68	0.06	"M-5-V"
2680	"Viborg"	472.097	3904	0.5	0.71	0.58	"K-7-V"
1772	"Muphrid"	31.339	4123	0.6	0.89	0.22	"K-2-V"
2867	"Lindassa"	521.901	4017	0.6	0.76	0.44	"K-6-V"
937	"Gardnaus"	345.161	5304	1	0.99	0.61	"G-4-V"
373	"Botany Bay"	514.774	4610	0.6	0.72	0.56	"K-2-V"
2653	"Valois"	612.48	2765	0.3	0.48	0.07	"M-6-V"
1638	"Mazdru"	334.621	2483	0.2	0.49	0.04	"M-5-V"
153	"Aosia"	180.609	3257	0.1	0.49	0.08	"M-2-V"
1356	"Kingtribel"	146.125	2629	0.1	0.47	0.04	"M-1-V"
704	"Dhaulgiri"	311.533	2659	0.3	0.54	0.07	"M-3-V"
143	"Annunziata"	431.715	3059	0.4	0.55	0.03	"M-2-V"
361	"Bondurant"	169.039	2551	0.1	0.32	0.01	"M-4-V"
2622	"Ulubis"	607.488	2933	0.3	0.24	0.01	"M-2-V"
1579	"Manassas"	338.263	2811	0.3	0.64	0.04	"M-3-V"
935	"Gannett"	176.158	4631	0.6	0.78	0.43	"K-0-V"
797	"Elume"	498.351	4010	0.8	0.94	0.55	"K-0-V"
933	"Gandy's Luck"	266.94	5513	1	0.98	0.8	"G-5-V"
1864	"Nexus Ri"	466.121	NA	0.1	0.11	0.05	"M-3-V"
1463	"Latexo"	401.037	4102	0.7	0.71	0.23	"K-6-V"
1771	"Mundrabilla"	270.55	2814	0.3	0.45	0.07	"M-1-V"
1815	"New Athens"	143.019	5261	0.9	1.03	1.26	"G-4-V"
196	"Asta"	25.875	3368	0.3	0.46	0.04	"M-2-V"
2575	"Trasjkis"	474.851	2511	0.2	0.58	0.06	"M-7-V"
2015	"Perrot"	271.523	2667	0.2	0.2	0.05	"M-0-V"
341	"Blandinsville"	230.347	NA	0.7	0.95	0.57	"K-7-V"
986	"Goubellat"	388.164	2736	0.1	0.57	0.05	"M-5-V"
3049	"Dorian's Tears"	1201.703	3868	0.6	0.92	0.3	"K-7-V"
2179	"Rosetta"	515.238	2876	0.3	0.53	0.05	"M-2-V"
1527	"Luanda"	522.453	2586	0.2	0.59	0.06	"M-0-V"
1331	"Kerman"	507.612	NA	0.3	0.48	0.03	"M-3-V"
1327	"Kennard"	476.896	5474	1	1.05	1.4	"G-4-V"
842	"Faleolo"	274.904	2799	0.2	0.3	0.04	"M-3-V"
752	"Dunianshire"	504.089	2500	0.2	0.37	0.05	"M-2-V"
362	"Bone-Norman"	463.592	5596	0.9	1.04	0.67	"G-2-V"
2202	"Sadachbia"	88.221	3436	0.2	0.54	0.03	"M-1-V"
2583	"Triesting"	398.404	4319	0.8	0.91	0.33	"K-3-V"
1095	"Herbania"	480.47	4576	0.5	0.74	0.24	"K-0-V"
2422	"Streator"	265.155	5227	0.8	1.02	0.92	"G-4-V"
425	"Byesville"	360.972	2961	0.4	0.2	NA	"M-5-V"
945	"Genoa"	71.371	2768	0.2	0.14	0.05	"M-2-V"
1157	"Hurik"	403.869	2521	0.3	0.29	0.03	"M-1-V"
2981	"Anklan"	1163.436	3242	0.2	0.25	0.07	"M-0-V"
1884	"Nockatunga"	294.042	3346	0.2	0.34	NA	"M-1-V"
1450	"Lancaster"	290.106	3709	0.6	0.71	0.46	"K-6-V"
1115	"Hiratsuka"	361.977	5631	1	1.04	1.24	"G-2-V"
2456	"Symsonia"	496.055	2607	0.2	0.56	0.04	"M-5-V"
229	"Azha"	74.442	5635	0.8	1.11	1.29	"G-4-V"
451	"Cameron"	252.182	2412	0.4	0.63	0.04	"M-8-V"
809	"Entalun"	335.777	2483	0.4	0.61	0.02	"M-4-V"
1895	"Northwind"	34.24	2472	0.4	0.36	0.02	"M-3-V"
2615	"Ugland"	567.986	3043	0.3	0.63	0.04	"M-1-V"
678	"Delacambre"	539.73	3897	0.8	0.73	0.53	"K-3-V"
2525	"Thannhausen"	292.173	3866	0.7	0.94	0.21	"K-3-V"
2299	"Shawnee"	556.766	4210	0.6	0.71	0.31	"K-3-V"
1369	"Kittery"	238.547	2666	0.3	0.65	0.03	"M-5-V"
1139	"Hot Springs"	405.421	2486	0.1	0.13	0.07	"M-8-V"
3091	"Star Cluster 65"	998.686	3768	0.7	0.85	0.18	"K-6-V"
1351	"Killarney"	450.86	2738	0.2	0.58	0.06	"M-4-V"
2368	"Sodus"	294.484	3932	0.6	0.94	0.13	"K-6-V"
817	"Erin"	540.152	2423	0.4	0.6	0.08	"M-5-V"
883	"Fletcher's Feast"	712.005	3306	0.1	0.37	0.04	"M-1-V"
1311	"Kautokeino"	394.552	2511	0.3	0.69	0.02	"M-3-V"
2820	"Zara"	260.889	4677	0.6	0.75	0.09	"K-3-V"
2173	"Rondon"	727.218	2487	0.3	0.31	0.03	"M-2-V"
826	"Esztergom"	256.264	NA	0.5	0.77	0.48	"K-2-V"
758	"Duxford"	569.698	2718	0.4	0.1	0.08	"M-5-V"
3018	"Bazaar"	755.254	2982	0.1	0.09	0.01	"M-2-V"
272	"Bastrop"	566.773	4084	0.7	0.91	0.52	"K-6-V"
1062	"Hartshill"	520.448	2644	0.2	0.56	0.02	"M-4-V"
2635	"Uravan"	274.551	3784	0.6	0.77	0.13	"K-5-V"
1531	"Luderitz"	626.416	2409	NA	0.66	0.05	"M-1-V"
546	"Chita"	568.687	3187	0.2	0.09	0.02	"M-2-V"
402	"Broken Wheel"	561.755	3269	0.3	0.45	0.06	"M-1-V"
2215	"Salem"	262.141	2596	0.2	0.4	0.02	"M-1-V"
501	"Ceiba"	767.962	5805	0.9	1.03	0.76	"G-2-V"
3156	"Highwater"	498.678	2911	0.4	0.33	0.03	"M-3-V"
202	"Atreus"	251.654	NA	0.2	0.45	0.05	"M-2-V"
1339	"Keytesville"	376.33	3826	0.6	0.94	0.49	"K-3-V"
3132	"Cephei"	693.324	2502	0.3	0.47	0.06	"M-8-V"
1443	"Laconis"	421.364	NA	0.4	0.19	0.06	"M-2-V"
1163	"Hyner"	386.358	2609	0.4	0.11	0.01	"M-4-V"
1635	"Mayenne"	598.071	2722	NA	0.16	0.02	"M-2-V"
1268	"Junction"	156.246	4114	0.8	0.94	0.47	"K-2-V"
305	"Beowulf"	522.195	2985	0.3	0.35	0.01	"M-4-V"
1077	"Hednesford"	431.594	5685	0.9	1.09	0.65	"G-2-V"
323	"Bicester"	272.122	2541	0.2	0.09	0.05	"M-8-V"
2390	"St. Gall"	115.273	2581	0.3	0.13	0.02	"M-6-V"
209	"August"	169.534	2995	0.3	0.58	0.08	"M-2-V"
2871	"Marius's Tears"	589.468	4610	0.6	0.96	0.24	"K-3-V"
1108	"Hickok"	432.215	3266	0.3	0.69	0.01	"M-0-V"
154	"Apinzel"	462.096	4301	0.8	0.83	0.18	"K-3-V"
2839	"Zinal"	527.101	3998	0.6	0.85	NA	"K-7-V"
2432	"Sullivan"	414.234	3849	0.8	0.85	0.36	"K-5-V"
2885	"Blackbone"	499.083	5506	0.9	0.97	0.61	"G-2-V"
2791	"Yamoussoukra"	508.624	2628	0.4	0.15	0.03	"M-6-V"
2546	"Timbiqui"	338.95	2681	0.4	0.6	0.02	"M-5-V"
1796	"Nanking"	56.522	3075	0.1	0.7	0.02	"M-4-V"
140	"Ankaa"	75.281	2527	0.3	0.61	0.02	"M-4-V"
1267	"Jubka"	398.759	3080	0.2	0.14	0.03	"M-4-V"
2495	"Tatlawiksuk"	417.381	2427	0.1	0.65	0.06	"M-5-V"
2323	"Shubuta"	476.097	5408	0.9	1.07	0.62	"G-4-V"
2924	"Spitz"	482.731	2952	0.4	0.09	0.02	"M-5-V"
2530	"Thessalonika"	313.612	5205	0.9	1.12	0.96	"G-4-V"
1845	"New Rhodes"	103.576	2541	0.2	0.43	0.03	"M-5-V"
2637	"Urjala"	423.517	2571	0.4	0.38	0.08	"M-7-V"
1861	"Newcastle"	276.04	4470	0.7	0.75	0.45	"K-3-V"
1289	"Kandis"	322.107	2485	0.4	0.21	0.02	"M-6-V"
1061	"Harsefeld"	143.095	2793	0.4	0.09	0.02	"M-5-V"
889	"Flynn"	663.056	2976	0.3	0.33	0.08	"M-5-V"
2856	"Addhara"	531.91	3100	0.3	0.24	0.03	"M-2-V"
2134	"Relevow"	200.966	2646	0.4	0.19	0.02	"M-5-V"
1902	"Novo Franklin"	670.721	3117	NA	0.43	0.03	"M-4-V"
1676	"Menke"	343.107	2544	0.4	0.2	0.08	"M-2-V"
1050	"Hanover"	400.763	2499	0.4	0.53	0.04	"M-8-V"
1737	"Mohács"	323.03	3063	NA	0.41	0.07	"M-3-V"
1149	"Hudeiba"	296.021	5512	1	1.07	1.5	"G-4-V"
1130	"Homestead"	289.467	2598	0.2	0.39	0.01	"M-5-V"
1417	"Krung Thep"	438.224	3023	0.3	0.2	0.07	"M-4-V"
712	"Die Moot"	415.323	2647	0.3	0.44	0.01	"M-2-V"
152	"Aomen"	323.666	4012	0.7	0.73	0.5	"K-7-V"
2861	"Ballalaba"	534.599	5414	0.9	1.07	1.33	"G-4-V"
269	"Bass"	415.671	3737	0.5	0.87	0.56	"K-6-V"
1128	"Homam"	155.234	2734	0.4	0.42	0.07	"M-3-V"
116	"Ambrose"	483.665	2740	0.4	0.62	0.05	"M-3-V"
2014	"Pernik"	346.195	2426	0.1	0.39	0.01	"M-3-V"
352	"Boardwalk"	198.058	2696	0.4	0.09	0.03	"M-4-V"
1662	"Meinhof"	245.699	3153	0.4	0.28	0.04	"M-2-V"
320	"Bhaktapur"	82.246	5554	1	0.99	1.29	"G-5-V"
195	"Aspropirgos"	398.767	2529	0.2	0.69	0.03	"M-5-V"
1271	"Junior"	399.621	3947	0.7	0.87	0.49	"K-0-V"
489	"Caselton"	119.999	2455	0.1	0.67	0.03	"M-3-V"
2803	"York"	302.048	2588	0.4	0.11	0.05	"M-3-V"
1797	"Nara"	416.671	4265	0.7	0.94	0.13	"K-2-V"
250	"Ban Na San"	422.107	5382	1	0.97	0.83	"G-5-V"
3152	"Bonavista"	447.234	2588	0.2	0.22	0.06	"M-4-V"
885	"Florarda"	258.921	2674	0.4	0.65	0.07	"M-4-V"
2810	"Zalaf"	442.444	2626	0.3	0.62	0.02	"M-4-V"
1231	"Jamestown"	433.938	2498	0.4	0.18	0.01	"M-8-V"
2111	"Raldamax"	612.919	4358	0.6	0.91	0.25	"K-2-V"
1684	"Merlynpede"	485.245	2694	0.3	0.22	0.03	"M-5-V"
2348	"Skandia"	252.494	5350	1	1.08	1.5	"G-5-V"
503	"Celentaro"	487.178	2687	0.2	0.08	0.08	"M-1-V"
547	"Chitwan"	173.436	2650	0.4	0.55	0.04	"M-1-V"
349	"Bluford"	454.568	3721	0.6	0.92	0.51	"K-5-V"
337	"Black Earth"	433.006	2579	0.2	0.4	0.08	"M-2-V"
1660	"Meilen"	227.712	4097	0.7	0.87	0.41	"K-2-V"
874	"Finsterwalde"	290.373	3721	0.5	0.85	0.32	"K-6-V"
1667	"Melissia"	412.362	4121	0.5	0.89	0.39	"K-6-V"
2479	"Tangipahoa"	589.739	2752	0.2	0.47	0.03	"M-5-V"
709	"Dichell"	579.927	2903	0.1	0.69	0.01	"M-2-V"
1631	"Mauripur"	327.704	2829	0.1	0.53	0.06	"M-5-V"
787	"Elektrougli"	216.119	2655	0.2	0.4	0.07	"M-3-V"
2786	"Xhosa"	174.559	4010	0.7	0.91	0.46	"K-6-V"
894	"Forkas"	264.966	3021	0.4	0.52	0.08	"M-1-V"
1466	"Laureles"	224.82	4179	0.7	0.9	0.1	"K-5-V"
1486	"Leyland"	499.622	2494	0.2	0.1	0.02	"M-5-V"
2667	"Vega"	106.677	2903	0.1	0.56	0.02	"M-4-V"
1695	"Micanos"	680.078	4073	0.6	0.86	0.24	"K-3-V"
2475	"Tamarind"	281.545	2885	0.4	0.24	0.06	"M-2-V"
961	"Givrodat"	554.982	NA	0.6	0.82	0.44	"K-2-V"
1706	"Millungera"	291.661	3023	0.2	0.46	0.02	"M-3-V"
1520	"Lothair"	429.578	2622	NA	0.31	0.06	"M-7-V"
1273	"Kaesong"	302.651	3769	0.6	0.85	0.19	"K-5-V"
22	"Acrux"	354.376	5430	1	1.03	1.5	"G-5-V"
292	"Bell"	151.397	3952	0.5	0.77	0.3	"K-2-V"
1079	"Heidelburg"	590.922	3103	0.2	0.31	0.04	"M-2-V"
430	"Caesaera"	426.318	3922	0.6	0.78	0.44	"K-7-V"
2145	"Restitution"	401.265	2711	0.2	0.42	0.07	"M-6-V"
1423	"Kupang"	563.943	3108	0.3	0.64	0.01	"M-0-V"
1220	"Ito"	275.684	3367	0.1	0.19	0.04	"M-1-V"
2758	"Willunga"	480.221	2506	0.1	0.3	0.07	"M-8-V"
2919	"Regis Roost"	468.121	4007	0.8	0.84	0.16	"K-2-V"
3072	"Saidia"	1015.779	2769	0.4	0.54	0.08	"M-1-V"
795	"Elnath"	128.562	2665	0.2	0.16	0.01	"M-6-V"
2182	"Rowe"	336.634	4546	0.5	0.93	0.54	"K-2-V"
2229	"Santana"	326.08	2946	0.1	0.3	0.07	"M-1-V"
607	"Cosenza"	363.777	2756	0.4	0.62	0.01	"M-2-V"
358	"Bogrib"	336.049	4394	0.7	0.85	NA	"K-2-V"
2249	"Saunemin"	252.457	2428	NA	0.11	0.05	"M-6-V"
1957	"Otisberg"	502.292	NA	0.4	0.09	0.08	"M-2-V"
819	"Errai"	52.627	2755	NA	0.62	0.05	"M-6-V"
2930	"Babylon"	1605.647	3273	0.3	0.48	0.05	"M-1-V"
2703	"Vortalcoy"	491.941	2601	0.4	0.14	0.04	"M-1-V"
285	"Beecher"	190.516	2878	0.4	0.35	0.04	"M-5-V"
2819	"Zaprudy"	333.228	2914	0.4	0.45	0.03	"M-2-V"
1794	"Nam Dinh"	260.125	3034	0.3	0.2	0.05	"M-3-V"
2415	"Stockpoll"	251.813	3339	0.4	0.62	0.03	"M-2-V"
3070	"Mostaganem"	1001.515	2843	0.4	0.62	0.04	"M-2-V"
938	"Garrison"	207.811	2428	0.3	0.43	0.05	"M-6-V"
535	"Chesterton"	135.698	3372	0.2	0.39	0.02	"M-2-V"
1852	"New Stevens"	23.155	3938	0.8	0.87	0.2	"K-5-V"
2825	"Zdice"	312.902	4615	0.6	0.89	0.51	"K-1-V"
2777	"Wrentham"	367.535	5799	0.8	1.07	1.3	"G-2-V"
3039	"Transfer Station P9"	1044.059	2546	0.3	0.35	0.06	"M-3-V"
1828	"New Florence"	91.356	5363	0.9	1.03	1.07	"G-3-V"
2361	"Smithon"	450.783	2766	0.3	0.13	0.07	"M-0-V"
823	"Espia"	390.061	3707	0.8	0.83	0.44	"K-7-V"
2471	"Tallassee"	146.829	4641	0.7	0.79	0.27	"K-2-V"
1207	"Ipswich"	237.932	4240	0.6	0.77	0.29	"K-5-V"
2714	"Waldorff"	382.194	2502	0.4	0.26	0.07	"M-5-V"
1323	"Kelenfold"	206.356	5505	0.9	1.07	NA	"G-5-V"
2702	"Vorarlberg"	304.652	2451	0.3	0.36	0.01	"M-2-V"
2383	"Sparta"	302.14	2450	0.2	0.14	0.01	"M-5-V"
1430	"Kwamashu"	269.938	2934	0.3	0.61	0.07	"M-0-V"
921	"Galisteo"	363.119	2974	0.3	0.42	0.06	"M-2-V"
1720	"Mirage"	475.355	3971	0.7	0.75	0.29	"K-6-V"
2870	"Lummatii"	528.571	NA	0.9	0.97	NA	"G-5-V"
1092	"Helvetica"	616.942	3939	0.5	0.95	0.32	"K-6-V"
2218	"Saltillo"	321.509	3068	0.1	0.19	0.07	"M-3-V"
2705	"Vosloorus"	323.699	4046	0.5	0.83	0.48	"K-6-V"
1858	"New Vandenburg"	434.541	5635	1	0.96	1.43	"G-2-V"
2424	"Sturgis"	422.565	3032	0.2	0.15	0.04	"M-1-V"
859	"Feltre"	362.666	2915	0.3	0.67	0.05	"M-2-V"
1384	"Kockengen"	187.347	4683	0.7	0.93	0.32	"K-2-V"
1025	"Gypsum"	282.695	4597	0.5	0.77	0.35	"K-2-V"
1899	"Nova Roma"	157.713	2625	0.1	0.63	0.04	"M-1-V"
556	"Chupadero"	442.645	3163	0.2	0.24	0.07	"M-1-V"
2274	"Sekulmun"	305.878	4209	0.8	0.83	0.31	"K-5-V"
2350	"Skat"	97.092	5219	1	1.01	0.83	"G-4-V"
2807	"Yunnah"	129.872	2548	0.1	0.35	0.06	"M-6-V"
1659	"Megrez"	215.34	3221	0.2	0.29	0.03	"M-1-V"
1585	"Mandeville"	727.345	2772	NA	0.25	0.01	"M-5-V"
246	"Ballynure"	259.651	5521	0.9	1.04	1.05	"G-5-V"
1905	"Nox"	240.194	2906	0.3	0.15	0.07	"M-4-V"
2085	"Qandahar"	478.908	3366	0.1	0.54	NA	"M-2-V"
2687	"Vikindu"	289.802	2432	0.4	0.54	0.06	"M-8-V"
616	"Cranston"	397.625	2945	0.4	0.54	0.05	"M-2-V"
2488	"Tapachula"	336.271	3176	0.3	0.37	0.03	"M-3-V"
2648	"Valexa"	143.133	NA	0.6	0.77	0.58	"K-5-V"
2911	"Marknick"	694.387	2517	0.1	0.17	0.03	"M-5-V"
2580	"Trent"	144.069	4386	0.7	0.82	0.35	"K-3-V"
1404	"Kotzebue"	377.656	NA	0.5	0.71	0.25	"K-4-V"
777	"Eilenburg"	221.087	NA	0.1	0.11	NA	"M-5-V"
953	"Gienah"	183.531	2929	0.1	0.19	0.08	"M-3-V"
521	"Chapultepec"	419.233	2467	0.3	0.59	0.06	"M-8-V"
436	"Caldarium"	502.778	2520	0.1	0.21	0.06	"M-5-V"
1503	"Lochmantle"	355.69	4567	0.7	0.85	0.24	"K-2-V"
1487	"Lhasa"	188.792	3734	0.7	0.79	0.22	"K-2-V"
2690	"Vindemiatrix"	103.82	3775	0.7	0.78	NA	"K-3-V"
3149	"Alloway"	448.698	2452	0.3	0.29	NA	"M-6-V"
17	"Achilles"	139.519	3359	0.2	0.63	0.06	"M-1-V"
2547	"Timbuktu"	472.691	5814	1	0.97	1.14	"G-2-V"
2157	"Rio"	99.618	3971	0.6	0.95	0.31	"K-7-V"
2780	"Wroxeter"	176.61	5258	1	1.09	0.89	"G-2-V"
498	"Cayuga"	585.275	2737	0.4	0.57	0.04	"M-3-V"
53	"Albalii"	105.922	4232	0.6	0.79	0.19	"K-2-V"
266	"Basalt"	72.239	3730	0.5	0.83	NA	"K-6-V"
913	"Gabenstad"	530.542	2439	0.4	0.54	0.06	"M-2-V"
416	"Buena"	402.015	3229	0.2	0.6	0.03	"M-3-V"
1347	"Kigamboni"	322.903	5211	NA	1.08	1.12	"G-5-V"
1105	"Hexare"	235.219	4399	0.8	0.78	0.42	"K-2-V"
2003	"Peacock"	229.088	3315	0.3	0.67	0.02	"M-1-V"
1196	"Ingenstrem"	389.119	2961	0.3	0.67	0.02	"M-2-V"
431	"Cahokia"	297.799	3041	0.2	0.67	0.06	"M-3-V"
1254	"Joan's Post"	565.66	4230	0.5	0.87	0.31	"K-4-V"
214	"Austerlitz"	530.094	5233	1	1.02	1.28	"G-5-V"
1253	"Jilin"	115.103	5453	0.9	1.02	1.03	"G-5-V"
327	"Biloela"	351.51	3716	0.5	0.92	0.29	"K-0-V"
1191	"Inarcs"	448.404	4424	0.7	0.92	0.56	"K-3-V"
124	"Anaheim"	432.199	3071	0.3	0.08	0.05	"M-3-V"
701	"Devin"	351.772	5263	0.8	1.03	1	"G-4-V"
2944	"Grant's Station"	1836.562	2689	0.1	0.35	0.07	"M-1-V"
899	"Frazer"	357.633	NA	0.2	0.17	0.03	"M-6-V"
1211	"Irurzun"	210.953	3299	0.4	0.65	0.07	"M-0-V"
2399	"Stapelfeld"	449.627	5455	1	1.09	1.12	"G-2-V"
2499	"Taumaturgo"	764.22	2939	0.1	0.53	0.02	"M-5-V"
1938	"Olindo"	519.3	3952	0.6	0.89	0.08	"K-5-V"
225	"Axton"	170.277	2486	0.4	0.14	0.03	"M-1-V"
3119	"Nebula D77"	1947.238	2519	0.4	0.43	0.02	"M-8-V"
360	"Bonaire"	106.001	NA	0.6	0.8	0.41	"K-2-V"
1922	"Odessa"	221.364	2623	0.3	0.35	0.06	"M-5-V"
916	"Gahral"	213.84	2624	0.4	0.69	0.05	"M-3-V"
2578	"Trell"	403.379	4267	0.6	0.73	0.53	"K-3-V"
274	"Batavia"	208.581	2618	0.4	0.33	0.07	"M-5-V"
298	"Belluevue"	79.895	4195	0.6	0.95	0.19	"K-6-V"
201	"Atocongo"	298.92	2932	0.4	0.45	0.05	"M-5-V"
2436	"Sumy"	291.709	2752	0.2	0.48	0.03	"M-3-V"
514	"Chakachamna"	350.362	2641	0.4	0.3	0.02	"M-4-V"
1110	"Hildaman"	192.933	2669	0.1	0.38	0.01	"M-6-V"
3073	"Shahhat"	982.806	2516	0.3	0.49	0.02	"M-8-V"
1653	"Medzev"	259.667	2650	0.1	0.24	0.05	"M-3-V"
193	"Ashkum"	150.856	3095	0.3	0.47	0.07	"M-3-V"
558	"Cilvituk"	542.558	2506	0.2	0.12	0.05	"M-1-V"
1292	"Kansu"	90.314	2754	0.3	0.29	0.03	"M-2-V"
738	"Dralkig"	528.922	2729	0.1	0.08	0.06	"M-3-V"
164	"Arcadia"	268.762	2638	0.2	0.44	0.02	"M-4-V"
59	"Aldebaran"	69.028	3107	0.3	0.25	0.05	"M-2-V"
485	"Carstairs"	159.166	3525	0.2	0.4	0.02	"M-1-V"
3126	"Able's Glory"	553.461	2623	0.2	0.65	0.02	"M-1-V"
458	"Campoleone"	418.415	5315	0.8	0.98	1.45	"G-4-V"
1669	"Melville"	506.791	2960	0.4	0.57	0.02	"M-0-V"
1057	"Harminous"	481.747	2838	0.4	0.55	0.07	"M-5-V"
1479	"Lepaterique"	410.386	5801	0.8	1.04	1.48	"G-2-V"
1084	"Heliat"	501.374	4166	0.8	0.93	0.12	"K-2-V"
2491	"Tarazed"	281.331	2448	0.2	0.27	0.06	"M-7-V"
2808	"Yuris"	375.492	3082	0.4	0.38	0.02	"M-0-V"
1214	"Isfahan"	488.312	3033	0.4	0.65	0.06	"M-1-V"
414	"Buckminster"	155.649	2540	0.4	0.43	0.03	"M-2-V"
3097	"Dania"	965.732	3882	0.5	0.75	0.33	"K-3-V"
2460	"Szepes"	240.706	3092	0.1	0.53	0.08	"M-3-V"
2224	"San Carlos"	601.903	2508	0.1	0.61	0.01	"M-3-V"
1913	"Nusakan"	55.526	2488	0.2	0.66	0.08	"M-4-V"
2346	"Sirius"	8.267	2461	0.4	0.48	0.03	"M-7-V"
2081	"Pusht-i-rud"	510.364	2478	0.2	0.24	0.07	"M-1-V"
2401	"Star's End"	440.098	3333	0.4	0.4	0.06	"M-1-V"
2996	"Kalmar"	1193.507	4411	0.6	0.82	0.1	"K-2-V"
2000	"Payia"	408.009	NA	0.8	0.93	0.33	"K-2-V"
2568	"Torrence"	317.719	3191	0.3	0.25	0.07	"M-2-V"
2130	"Reinbak"	534.192	2627	0.4	0.62	0.07	"M-2-V"
372	"Bossangoa"	782.67	3716	0.6	0.8	0.34	"K-3-V"
828	"Euclid"	356.529	2400	0.4	0.21	0.04	"M-7-V"
3056	"Landrum"	1265.21	2938	0.3	0.6	0.02	"M-4-V"
1222	"Itzehoe"	524.376	2480	0.4	0.33	0.04	"M-2-V"
948	"Ghorepani"	406.613	2897	0.2	0.13	0.03	"M-0-V"
2407	"Stellaris"	318.335	2657	0.1	0.4	0.07	"M-1-V"
1732	"Mizunami"	416.294	2812	0.2	0.36	0.02	"M-3-V"
685	"Delphos"	323.952	3121	0.4	0.15	0.08	"M-2-V"
2257	"Schedar"	119.763	4134	0.5	0.74	0.23	"K-3-V"
2561	"Tok Do"	202.554	5524	1	1.15	1.39	"G-4-V"
2741	"Weitinger"	365.975	2486	0.2	0.11	0.07	"M-4-V"
1184	"Ilmar"	177.381	2581	0.4	0.09	0.06	"M-6-V"
1916	"Oberon"	486.19	3826	0.5	0.94	0.46	"K-3-V"
840	"Fairfax"	354.712	4145	0.6	0.8	0.19	"K-0-V"
2621	"Ulsan"	336.939	4666	0.7	0.73	0.18	"K-1-V"
4	"Abagnar"	493.649	5554	0.9	0.97	0.65	"G-2-V"
2024	"Piedmont"	111.134	3733	0.7	0.79	0.26	"K-2-V"
97	"Altair"	16.348	2620	0.3	0.52	NA	"M-1-V"
2409	"Sterlington"	526.959	3422	0.3	0.2	0.05	"M-1-V"
2994	"Greifswald"	945.901	2664	0.3	0.57	0.04	"M-3-V"
2063	"Pressby"	215.809	4682	0.7	0.71	0.25	"K-1-V"
2277	"Sendai"	177.645	NA	0.4	0.61	0.04	"M-3-V"
796	"Eltanin"	99.363	5457	0.9	1.04	0.64	"G-2-V"
2199	"Sabhal Mòr Ostaig"	347.253	5399	0.9	1.09	1.01	"G-2-V"
759	"Duxfort"	405.632	3043	0.1	0.23	0.06	"M-4-V"
316	"Bethel"	231.664	4307	0.5	0.81	0.3	"K-2-V"
3160	"Fairuza"	507.043	2725	0.1	0.5	0.04	"M-2-V"
3076	"Tizga"	1045.431	2560	0.2	0.62	0.04	"M-4-V"
184	"Artru"	498.275	3277	0.3	0.64	0.01	"M-2-V"
3078	"Drachenfeld"	1187.328	3975	NA	0.91	0.55	"K-1-V"
1038	"Halgrim"	644.72	2473	0.2	0.63	0.07	"M-2-V"
1350	"Kilbourne"	573.439	3802	0.6	0.82	0.45	"K-2-V"
2090	"Quatre Belle"	506.144	3513	0.2	0.51	0.02	"M-0-V"
2449	"Svinngarn"	172.234	2495	0.2	0.49	0.02	"M-2-V"
2049	"Pomme De Terre"	367.223	3142	0.1	0.44	0.02	"M-3-V"
2349	"Skaslien"	292.371	3742	0.6	0.93	0.17	"K-6-V"
76	"Alkes"	118.845	2430	0.1	0.65	0.08	"M-3-V"
43	"Aigle"	235.54	3953	0.8	0.79	0.28	"K-2-V"
1623	"Matamoras"	430.949	3834	0.5	0.79	0.32	"K-5-V"
1451	"Lande"	508.116	3404	0.2	0.13	0.04	"M-2-V"
3000	"Lübeck"	1078.732	3232	0.3	0.62	0.02	"M-2-V"
2492	"Tarkio"	317.42	4404	0.5	0.94	0.22	"K-3-V"
2903	"Gant"	555.882	2652	0.2	0.31	0.04	"M-2-V"
2316	"Shipton"	539.764	3761	0.5	0.94	NA	"K-5-V"
419	"Burton"	459.787	4104	0.7	0.7	0.3	"K-0-V"
2223	"Samantha"	430.124	5347	1	1.08	0.83	"G-2-V"
2707	"Vulture's Nest"	481.93	5471	0.9	1.04	1.01	"G-5-V"
1855	"New Troy"	264.885	2566	0.2	0.48	0.06	"M-6-V"
1571	"Malaga"	577.046	4422	0.8	0.96	0.36	"K-3-V"
2657	"Vangburg"	669.876	3136	0.2	0.49	0.03	"M-2-V"
818	"Eromanga"	307.609	NA	0.2	0.15	0.07	"M-5-V"
28	"Adelson"	532.641	2628	0.1	0.18	0.04	"M-2-V"
1447	"Lamon"	136.449	2464	0.3	0.15	0.08	"M-1-V"
405	"Brooloo"	390.228	2666	0.4	0.59	0.03	"M-3-V"
7	"Abejorral"	325.319	2847	0.2	0.1	0.08	"M-3-V"
2953	"Marshall"	1793.139	2967	0.4	0.34	0.08	"M-2-V"
2814	"Zanbasa"	557.47	5509	1	1.11	0.71	"G-2-V"
2142	"Renren"	444.049	2567	0.3	0.46	0.03	"M-4-V"
1910	"Numki"	206.969	3001	0.3	0.15	0.06	"M-4-V"
908	"Fukuroi"	173.854	5709	0.8	1.09	NA	"G-2-V"
1116	"Hirtshals"	605.101	3269	0.2	0.32	0.02	"M-2-V"
848	"Famdo"	597.46	5443	NA	1.12	0.87	"G-2-V"
1692	"Metter"	542.192	2493	0.4	0.15	NA	"M-5-V"
1927	"Ohrensen"	122.845	3135	0.3	0.27	0.02	"M-3-V"
575	"Colfax"	238.058	3260	0.3	0.62	0.03	"M-2-V"
2095	"Quilino"	358.63	2539	0.1	0.53	0.06	"M-3-V"
1472	"Lee"	188.655	5632	0.8	1.03	1.4	"G-2-V"
2308	"Shiloh"	88.289	2531	0.2	0.49	0.06	"M-4-V"
2959	"Shadow"	1749.943	2492	0.2	0.67	0.03	"M-7-V"
719	"Dindatari"	466.713	5341	0.9	0.99	0.95	"G-5-V"
273	"Batajnica"	388.383	3551	0.4	0.6	0.07	"M-0-V"
794	"Ellsworth"	318.967	2665	0.4	0.37	0.03	"M-5-V"
495	"Catroxx"	97.864	3141	0.1	0.51	0.04	"M-3-V"
252	"Banfora"	363.172	2850	NA	0.2	0.07	"M-5-V"
1976	"Pandora"	249.55	4709	0.6	0.75	0.29	"K-2-V"
2737	"Weingarten"	300.951	2946	0.3	0.53	0.02	"M-2-V"
2713	"Waldheim"	369.385	2747	0.1	0.58	NA	"M-2-V"
2756	"Wilkes"	346.179	3100	0.2	0.6	0.07	"M-2-V"
1428	"Kuzuu"	70.486	2885	0.1	0.33	0.05	"M-3-V"
2982	"Antwerp"	1098.107	5611	1	0.98	1.04	"G-2-V"
2233	"Saonara"	357.058	3712	0.5	0.75	NA	"K-3-V"
2566	"Torgvei"	580.193	3968	0.5	0.73	0.25	"K-7-V"
3168	"Glory"	1229.239	2498	0.4	0.34	0.01	"M-0-V"
1555	"Macksburg"	439.435	3015	0.4	0.37	0.05	"M-2-V"
442	"Calish"	484.63	4341	0.5	0.78	0.19	"K-2-V"
2381	"Soverzene"	328.893	4260	0.6	0.94	0.25	"K-2-V"
1543	"Lyceum"	435.249	2557	0.4	0.14	0.03	"M-2-V"
1102	"Herzberg"	310.686	2986	0.2	0.36	0.04	"M-1-V"
2928	"Arcadia"	1612.952	2527	0.3	0.44	0.08	"M-7-V"
2137	"Remulac"	83.067	4427	0.6	0.91	0.51	"K-2-V"
1374	"Klathan"	178.057	3538	0.2	0.43	0.01	"M-1-V"
1822	"New Ceylon"	458.232	5347	1	1.09	0.97	"G-2-V"
2508	"Tegaldanas"	417.701	3051	0.2	0.66	0.02	"M-1-V"
2773	"Woodstock"	57.481	3128	0.4	0.36	0.03	"M-3-V"
364	"Booker"	429.513	2494	0.1	0.16	0.02	"M-4-V"
2309	"Shimoda"	373.881	2769	0.2	0.65	0.06	"M-2-V"
2236	"Sappir"	427.733	4123	0.5	0.92	0.28	"K-2-V"
1640	"McAlister"	411.138	NA	0.6	0.78	0.49	"K-3-V"
107	"Altoona"	256.684	2612	0.3	0.32	0.05	"M-6-V"
605	"Corsica Nueva"	298.809	2956	0.2	0.7	0.02	"M-2-V"
1002	"Green Stone"	413.714	2741	0.4	0.09	0.03	"M-5-V"
265	"Baryshevo"	422.225	NA	0.5	0.88	0.52	"K-6-V"
2117	"Ramsau"	222.518	3135	0.2	0.3	0.04	"M-2-V"
21	"Aconcagua"	334.065	2583	0.1	0.11	0.08	"M-3-V"
2656	"Vanern"	212.742	2941	0.3	0.64	0.04	"M-5-V"
1835	"New Hope"	117.871	2503	0.4	0.23	0.07	"M-7-V"
1382	"Kobe"	281.853	4087	NA	0.78	0.43	"K-5-V"
1841	"New Olympia"	198.809	4636	0.8	0.92	0.3	"K-0-V"
1378	"Kluane"	279.713	2450	0.2	0.18	0.05	"M-8-V"
304	"Bentley"	233.865	2489	0.4	0.66	0.05	"M-8-V"
1362	"Kirkenlaard"	201.043	2520	0.4	0.17	0.05	"M-4-V"
1125	"Holloway"	308.36	3910	0.6	0.82	0.31	"K-5-V"
987	"Gouderak"	373.44	2692	0.3	0.25	0.04	"M-4-V"
75	"Alkalurops"	57.737	4501	0.6	0.81	0.26	"K-4-V"
1582	"Mandaoaaru"	433.144	4091	0.8	0.9	0.31	"K-4-V"
583	"Conakry"	342.513	5216	1	1.08	0.78	"G-5-V"
1407	"Kountze"	525.166	2827	0.4	0.44	0.07	"M-3-V"
2881	"Aea"	453.838	3266	0.3	0.61	0.06	"M-3-V"
2922	"Siendou"	313.183	3877	0.8	0.88	0.45	"K-5-V"
545	"Chisholm"	50.997	2961	0.2	0.24	0.03	"M-2-V"
2103	"Raballa"	159.227	2925	0.1	0.31	0.06	"M-3-V"
1865	"Ngake"	263.991	4072	NA	0.96	0.35	"K-1-V"
294	"Bella"	263.04	3371	0.3	0.65	0.01	"M-2-V"
693	"Derf"	415.791	4098	0.8	0.72	0.6	"K-6-V"
2993	"Goslar"	999.013	3129	0.2	0.14	NA	"M-3-V"
900	"Fredotto"	587.427	2581	0.4	0.33	NA	"M-0-V"
2078	"Prydain"	365.823	3216	0.1	0.47	0.02	"M-2-V"
845	"Fallry"	655.573	3395	0.4	0.24	0.02	"M-2-V"
137	"Angra"	532.012	2479	0.2	0.08	0.02	"M-5-V"
1186	"Imalda"	242.066	3282	NA	0.39	0.04	"M-2-V"
768	"Echo"	468.229	2903	0.1	0.49	0.04	"M-2-V"
1312	"Kawabe"	276.251	3843	0.5	0.79	0.32	"K-7-V"
1118	"Hobbs"	353.259	3740	0.5	0.75	0.2	"K-7-V"
1731	"Mizt"	680.623	2556	0.2	0.65	0.08	"M-2-V"
1782	"Myrvoll"	90.342	4659	0.5	0.81	0.14	"K-3-V"
2594	"Tsinan"	319.063	2580	0.4	0.21	NA	"M-6-V"
499	"Ceará"	391.473	3535	0.3	0.65	0.04	"M-1-V"
14	"Acala"	182.916	3293	0.2	0.46	0.08	"M-2-V"
1142	"Howrah"	355.35	4184	0.7	0.9	0.17	"K-6-V"
57	"Alcor"	80.104	4444	0.8	0.86	0.31	"K-2-V"
366	"Bora"	162.434	2954	0.4	0.1	0.07	"M-1-V"
123	"Anaea"	182.557	2641	0.3	0.22	0.02	"M-4-V"
1176	"Ikast"	301.63	4300	0.6	0.79	0.26	"K-3-V"
853	"Farwell"	161.619	2849	0.1	0.23	0.05	"M-4-V"
779	"Ejeda"	747.661	2440	0.2	0.43	0.04	"M-4-V"
260	"Barlow's End"	310.951	2662	0.4	0.14	0.02	"M-5-V"
2351	"Skepptana"	563.286	3157	0.4	0.1	0.08	"M-3-V"
1126	"Holmsbu"	445.66	3163	0.3	0.1	0.01	"M-2-V"
226	"Ayacucho"	406.765	4078	0.8	0.79	0.27	"K-2-V"
1541	"Luxen"	504.406	2797	0.2	0.08	0.05	"M-2-V"
2545	"Tikonov"	111.166	2653	0.2	0.15	0.05	"M-6-V"
2270	"Second Try"	120.802	2531	NA	0.61	0.04	"M-6-V"
1670	"Memmingen"	308.667	2899	0.2	0.56	0.01	"M-2-V"
1600	"Marantha"	444.821	2738	0.4	0.09	0.02	"M-5-V"
2931	"Circe"	1619.476	3910	0.8	0.93	0.09	"K-6-V"
105	"Altona"	508.068	2457	0.4	0.17	0.08	"M-8-V"
1515	"Loparri"	542.601	2902	0.4	0.16	0.02	"M-5-V"
1034	"Hainfeld"	268.861	3181	0.4	0.68	0.02	"M-1-V"
1259	"Jonzac"	319.134	4011	0.8	0.84	0.31	"K-7-V"
2169	"Rohinjan"	358.106	2949	0.2	0.64	0.03	"M-5-V"
949	"Giausar"	209.521	2962	0.3	0.41	0.07	"M-0-V"
2009	"Pentvar"	328.657	2421	NA	0.2	0.05	"M-7-V"
2836	"Zhaomaon"	428.931	5236	0.9	0.99	0.82	"G-2-V"
322	"Bhykov"	238.808	5244	0.9	1.02	1.15	"G-5-V"
869	"Filtvelt"	538.182	4130	0.7	0.77	0.36	"K-6-V"
1026	"Haappajarvi"	277.073	NA	0.4	0.21	0.04	"M-1-V"
100	"Altenmarkt"	224.223	2919	0.4	0.44	0.02	"M-4-V"
2955	"Niles"	1710.975	2505	0.3	0.14	0.02	"M-2-V"
357	"Bogerth"	265.277	2602	0.2	0.28	0.01	"M-1-V"
3067	"Kebili"	969.362	2429	0.1	0.3	0.04	"M-8-V"
435	"Calchedon"	379.296	2597	0.3	0.36	0.05	"M-4-V"
2585	"Trinidad"	284.914	4692	0.5	0.71	0.13	"K-3-V"
2969	"York"	1808.4	2609	0.2	0.46	0.07	"M-2-V"
1962	"Outpost"	426.738	2961	0.3	0.57	NA	"M-3-V"
1863	"Newtown Square"	454.59	2503	0.4	0.16	0.04	"M-5-V"
1114	"Hindmarsh"	334.723	2633	0.4	0.14	0.07	"M-6-V"
142	"Annapolis"	210.25	2448	0.2	0.27	0.06	"M-5-V"
597	"Corella"	288.729	2623	0.3	0.53	0.02	"M-7-V"
383	"Brasha"	478.082	2892	0.1	0.36	0.06	"M-5-V"
969	"Glevakha"	367.433	2705	0.2	0.48	0.03	"M-3-V"
606	"Corydon"	220.061	NA	0.6	0.75	0.55	"K-6-V"
1960	"Ourem"	721.242	NA	0.1	0.54	0.05	"M-5-V"
1307	"Kaumberg"	413.871	2724	0.4	0.63	0.08	"M-1-V"
2440	"Surcin"	217.445	2601	0.4	0.16	0.07	"M-5-V"
2899	"Erod's Escape"	696.99	5333	1	1.01	1.2	"G-4-V"
2616	"Uhuru"	139.622	2848	0.4	0.25	0.07	"M-5-V"
3062	"Tansalir"	1633.759	4280	0.5	0.76	0.14	"K-5-V"
2213	"Sakuranoki"	324.442	3290	0.3	0.22	0.07	"M-2-V"
18	"Achnoly"	669.139	3735	0.7	0.88	0.1	"K-3-V"
2154	"Ridgebrook"	377.737	2478	0.2	0.17	0.04	"M-4-V"
2724	"Wasat"	58.11	2474	0.1	0.19	0.04	"M-0-V"
589	"Constance"	440.558	2634	0.3	0.32	0.06	"M-5-V"
2472	"Tallin"	292.651	2831	0.4	0.54	0.02	"M-6-V"
2631	"Untran"	423.854	NA	0.6	0.78	0.3	"K-3-V"
1869	"Nihal"	313.861	2946	0.3	0.13	0.02	"M-4-V"
329	"Biota"	275.291	5342	1	1.03	1.16	"G-4-V"
1171	"Ideyld"	223.766	2661	0.2	0.29	0.06	"M-2-V"
1803	"Necedah"	353.968	2672	0.2	0.29	0.08	"M-2-V"
565	"Clearfield"	420.429	2846	0.3	0.49	0.05	"M-1-V"
379	"Braben's Frontier"	616.108	5598	NA	1.01	0.99	"G-4-V"
2512	"Tematagi"	380.055	3998	0.7	0.88	0.4	"K-6-V"
1380	"Knutstad"	594.702	3106	0.2	0.44	0.03	"M-0-V"
996	"Gravenhage"	523.765	3947	0.6	0.86	0.35	"K-3-V"
2073	"Project Libra Umbrella"	545.104	5209	1	1.12	1.17	"G-4-V"
804	"Engadin"	337.095	5792	1	1.11	1.13	"G-2-V"
1854	"New Syrtis"	376.217	3781	0.5	0.93	0.28	"K-1-V"
1769	"Multan"	490.436	2480	0.1	0.48	0.03	"M-1-V"
1283	"Kalidasa"	108.246	3153	NA	0.26	0.02	"M-3-V"
1345	"Kiesen"	222.224	3115	0.1	0.28	0.04	"M-2-V"
1625	"Matheran"	182.637	2548	0.1	0.31	0.02	"M-6-V"
2466	"Takata"	474.361	3042	0.4	0.53	0.04	"M-3-V"
1041	"Halla"	552.862	2977	0.3	0.13	0.01	"M-3-V"
613	"Coventry"	339.78	3850	NA	0.74	0.35	"K-2-V"
904	"Fronde"	251.67	NA	0.3	0.16	0.02	"M-8-V"
1802	"Nathan"	83.274	2883	0.3	0.64	NA	"M-2-V"
1605	"Marduk"	216.782	2426	0.4	0.2	0.06	"M-8-V"
2429	"Suianheer"	486.613	2530	0.4	0.11	0.06	"M-6-V"
789	"Elidere"	290.068	2586	0.2	0.15	0.06	"M-7-V"
2565	"Tordenskjold"	591.644	2693	0.3	0.25	0.05	"M-2-V"
1027	"Hachiman"	295.082	5376	1	0.98	0.84	"G-2-V"
355	"Boeotia"	210.767	3171	0.1	0.47	0.01	"M-2-V"
1508	"Logan's Land"	481.64	5383	0.9	1.02	0.71	"G-2-V"
1145	"Hsien"	54.63	2529	0.3	0.34	0.08	"M-3-V"
2195	"Rypful"	625.123	3906	0.5	0.79	0.48	"K-7-V"
2671	"Ventabren"	123.392	2626	0.3	0.31	0.03	"M-5-V"
1317	"Kearny"	302.615	5281	0.9	1.09	1.01	"G-5-V"
72	"Alhena"	83.739	3303	0.2	0.67	0.03	"M-1-V"
2402	"Starshine"	375.56	4568	0.5	0.86	0.14	"K-3-V"
728	"Domain"	250.282	2808	0.1	0.47	0.02	"M-3-V"
1725	"Mitchella"	501.448	4201	0.6	0.82	0.2	"K-5-V"
2061	"Predlitz"	357.288	4474	0.6	0.78	0.31	"K-3-V"
1844	"New Praha"	204.488	3238	0.1	0.59	0.05	"M-1-V"
3053	"Interstellar Expeditions Base #14"	1535.02	2767	0.2	0.28	NA	"M-6-V"
1315	"Kaznejoy"	355.14	2494	0.3	0.19	0.05	"M-2-V"
408	"Brundage"	406.505	4099	0.6	0.71	0.39	"K-1-V"
356	"Bogard"	271.276	NA	0.4	0.61	0.07	"M-7-V"
62	"Alegro"	453.517	2709	0.3	0.54	0.01	"M-4-V"
1393	"Koniz"	275.729	2467	0.2	0.12	0.06	"M-8-V"
618	"Crawford's Delight"	559.875	3852	0.5	0.74	0.39	"K-7-V"
1750	"Montour"	479.145	2966	0.1	0.64	0.04	"M-4-V"
990	"Gram"	154.313	4211	0.7	0.86	0.32	"K-5-V"
2370	"Sol"	0	2691	0.4	0.13	0.06	"M-2-V"
2312	"Shimosuwa"	143.006	5759	NA	1.04	1.09	"G-2-V"
1798	"Narellan"	305.878	3947	0.8	0.88	0.31	"K-4-V"
251	"Bandora"	177.856	3080	0.4	0.56	0.07	"M-2-V"
2698	"Vixen"	487.646	2621	0.4	0.69	0.07	"M-2-V"
1319	"Keid"	10.59	2615	0.3	0.1	0.05	"M-7-V"
615	"Coyle"	659.147	5610	1	1.09	0.91	"G-2-V"
2571	"Totness"	686.633	2673	0.1	0.26	0.07	"M-0-V"
2967	"Tranquil"	1762.306	2411	0.2	0.39	0.03	"M-2-V"
2216	"Salford"	527.031	3389	0.1	0.3	0.02	"M-2-V"
1215	"Ishtar"	431.211	2800	NA	0.22	0.05	"M-2-V"
1549	"Ma'anshan"	475.076	2640	0.2	0.39	0.05	"M-5-V"
478	"Carmelita"	786.3	4152	0.5	0.95	0.57	"K-0-V"
2231	"Sanurcha"	372.867	4104	0.6	0.74	0.15	"K-3-V"
1165	"Ibarra"	311.713	2689	0.3	0.47	0.02	"M-1-V"
1563	"Mahone"	385.404	3305	0.3	0.22	0.01	"M-0-V"
239	"Bainsville"	164.142	3214	0.1	0.37	0.05	"M-2-V"
2493	"Tarnby"	505.243	2438	0.3	0.26	NA	"M-5-V"
2030	"Pilpala"	376.129	3153	0.4	0.58	0.05	"M-2-V"
2706	"Vulcan"	327.355	2929	NA	0.58	0.02	"M-5-V"
1592	"Mannedorf"	232.161	5455	1	1.11	1.43	"G-3-V"
54	"Albert Falls"	291.568	2480	0.1	0.16	0.08	"M-2-V"
348	"Blueys"	670.64	2775	0.3	0.43	0.07	"M-3-V"
2232	"Sanurcha"	482.897	2681	0.2	0.57	0.04	"M-3-V"
911	"Futuna"	283.493	2895	0.2	0.47	0.04	"M-4-V"
1013	"Grunwald"	225.298	3507	0.1	0.68	0.07	"M-1-V"
2765	"Winter"	460.895	3083	0.3	0.41	0.04	"M-2-V"
1091	"Helsingfors"	209.705	NA	0.1	0.64	0.07	"M-2-V"
640	"Cylene"	108.894	2485	0.3	0.32	0.03	"M-8-V"
2132	"Reisling's Planet"	193.365	2691	0.2	0.44	0.06	"M-4-V"
1907	"Nukus"	320.607	4521	0.6	0.71	0.15	"K-4-V"
426	"Cabanatuan"	535.102	3553	0.4	0.38	0.01	"M-0-V"
2788	"Xieng Khouang"	323.221	2682	0.4	0.44	0.06	"M-2-V"
1504	"Lockdale"	40.357	4470	0.8	0.92	0.26	"K-3-V"
1876	"Niquinohomo"	466.444	2603	0.4	0.23	0.07	"M-3-V"
262	"Barstow"	175.434	2460	0.3	0.2	0.07	"M-8-V"
2133	"Reisterstown"	349.102	5596	0.8	1.03	1.01	"G-4-V"
2748	"Westerstede"	268.316	5432	0.9	1.06	0.86	"G-5-V"
3079	"Interstellar Expeditions Base #6"	1297.62	NA	0.3	0.58	0.07	"M-4-V"
2831	"Zelmag"	481.861	2582	0.3	0.62	NA	"M-2-V"
1620	"Mas"	482.429	3165	0.4	0.14	0.06	"M-2-V"
132	"Anegasaki"	222.267	2750	0.3	0.09	0.04	"M-5-V"
517	"Champadanga"	438.825	3367	0.2	0.58	0.07	"M-1-V"
476	"Carlisle"	317.67	3419	0.2	0.14	0.06	"M-1-V"
1392	"Komephoros"	98.1	2794	0.2	0.09	0.07	"M-4-V"
400	"Brockton"	545.165	3877	0.5	0.85	0.54	"K-2-V"
2353	"Skokie"	325.231	2746	NA	0.69	0.02	"M-2-V"
857	"Feijo"	734.962	3848	0.6	0.86	0.38	"K-3-V"
2873	"New St. Andrews"	524.267	3748	0.5	0.79	0.54	"K-7-V"
989	"Graham"	25.717	2777	0.1	0.1	0.03	"M-2-V"
307	"Bergman's Planet"	276.328	2581	NA	0.13	0.05	"M-4-V"
115	"Ambergrist"	270.737	5360	1	1.04	1.41	"G-5-V"
3147	"Taygete"	482.001	3106	0.4	0.29	0.02	"M-4-V"
1711	"Minakuchi"	132.873	4120	0.8	0.77	0.15	"K-6-V"
1187	"Imbrial"	298.28	2534	0.4	0.49	0.07	"M-2-V"
2459	"Syrstart"	605.417	NA	NA	0.57	0.05	"M-4-V"
861	"Ferleiten"	354.742	3367	0.3	0.56	0.06	"M-0-V"
463	"Cap Rouge"	331.598	4621	0.7	0.79	0.1	"K-3-V"
1251	"Jezersko"	380.237	2711	0.4	0.19	0.02	"M-5-V"
3048	"Doggerbank"	1033.575	2437	0.1	0.26	0.03	"M-3-V"
2893	"Cygnus"	500.186	NA	0.6	0.75	0.16	"K-0-V"
735	"Dove"	181.695	2842	0.4	0.66	0.06	"M-5-V"
2452	"Sweet Water"	487.386	2989	0.3	0.63	0.03	"M-4-V"
1749	"Montmarault"	269.672	2636	0.4	0.42	0.08	"M-7-V"
1112	"Himmels"	444.101	2823	0.4	0.43	0.02	"M-4-V"
2790	"Yamarovka"	296.32	2937	0.4	0.47	0.07	"M-2-V"
1558	"Maderas"	365.382	5276	NA	1.04	1.02	"G-5-V"
1446	"Lambrecht"	59.143	4429	0.8	0.75	0.25	"K-3-V"
1190	"Ina"	438.829	2402	0.4	0.51	0.05	"M-8-V"
1538	"Lushun"	525.771	2831	0.4	0.18	0.03	"M-4-V"
2971	"Project Sagitarius Umbrella"	640.735	3411	0.4	0.39	0.02	"M-1-V"
1438	"Labouchere"	264.076	3948	0.5	0.75	0.57	"K-3-V"
695	"Deschenes"	310.081	5689	0.8	1	0.74	"G-2-V"
518	"Chandler"	212.535	2623	0.4	0.22	0.07	"M-3-V"
539	"Chillon"	333.085	2493	0.1	0.42	0.08	"M-3-V"
199	"Athna"	355.298	2427	0.2	0.51	0.07	"M-5-V"
609	"Coudoux"	423.261	5469	0.9	1.04	0.79	"G-3-V"
864	"Ferris"	597.296	2997	0.2	0.18	0.02	"M-4-V"
482	"Carnwath"	103.787	3883	0.5	0.77	0.59	"K-5-V"
2500	"Taurus"	435.328	2550	0.4	0.26	0.06	"M-3-V"
1946	"Orestes"	169.614	NA	0.4	0.54	0.03	"M-7-V"
786	"Electra"	387.669	5691	1	1.08	0.86	"G-3-V"
470	"Caracol"	483.507	5317	0.9	1.09	1.46	"G-3-V"
2824	"Zawiercie"	314.411	3911	0.5	0.94	0.12	"K-6-V"
2416	"Stonarboi"	325.195	2655	0.1	0.34	0.06	"M-3-V"
450	"Cambiano"	426.772	2884	NA	0.15	0.06	"M-2-V"
2521	"Texlos"	294.114	4455	0.7	0.8	0.34	"K-2-V"
187	"Ascella"	77.285	2604	0.1	0.31	0.03	"M-2-V"
336	"Bjornlunda"	174.059	2903	0.3	0.59	0.05	"M-5-V"
19	"Achton"	660.516	2408	0.4	0.07	0.04	"M-5-V"
1814	"New Aragon"	112.307	4356	0.6	0.7	0.32	"K-3-V"
2262	"Schmitt"	527.197	5441	0.9	1.08	NA	"G-5-V"
2038	"Pleiades Cluster"	385.94	4400	0.6	0.91	0.31	"K-2-V"
1666	"Melilla"	572.121	3155	0.3	0.27	0.06	"M-2-V"
888	"Flychenia"	208.019	2750	0.3	0.53	0.05	"M-3-V"
390	"Breukelen"	166.583	3799	0.8	0.78	0.51	"K-2-V"
939	"Garstedt"	402.291	2508	0.2	0.68	0.06	"M-3-V"
1147	"Huan"	320.176	3697	0.4	0.13	0.04	"M-0-V"
2681	"Vibrunum"	531.858	2861	0.1	0.45	0.03	"M-5-V"
1381	"Ko"	47.487	2873	0.4	0.67	0.04	"M-4-V"
2638	"Utrecht"	237.639	2607	0.3	0.37	0.07	"M-1-V"
1481	"Lesalles"	165.267	3370	0.1	0.55	0.07	"M-1-V"
1049	"Handa"	308.644	4290	0.6	0.79	0.39	"K-5-V"
10	"Aboukir"	509.023	2549	0.3	0.42	0.05	"M-7-V"
240	"Baker 3"	340.52	2683	0.2	0.49	0.07	"M-2-V"
2400	"Stardawn"	353.546	4085	0.7	0.73	0.08	"K-6-V"
2826	"Zebebelgenubi"	70.604	5224	0.9	1.14	1.3	"G-5-V"
1710	"Milvano"	463.55	3033	NA	0.58	0.03	"M-2-V"
884	"Flintoft"	384.391	2937	0.3	0.26	0.04	"M-4-V"
134	"Angell"	129.287	3206	0.3	0.1	0.03	"M-3-V"
300	"Benet"	269.224	4035	0.7	0.83	0.25	"K-5-V"
2391	"St. Ives"	240.779	2692	0.2	0.52	0.04	"M-1-V"
2516	"Tentativa"	462.242	5531	0.9	1.07	1.49	"G-2-V"
2876	"Pompey"	536.788	3068	0.3	0.14	0.07	"M-4-V"
1020	"Gunzburg"	290.51	2690	0.3	0.32	0.03	"M-5-V"
1975	"Palos"	134.632	2820	0.1	0.09	0.07	"M-1-V"
2929	"Albion"	1792.847	4420	0.8	0.79	0.08	"K-3-V"
2465	"Tainjin"	456.103	2434	0.4	0.62	0.06	"M-1-V"
1522	"Lothario"	509.453	4399	0.7	0.89	0.47	"K-2-V"
2960	"Sheridan"	1798.647	3750	0.5	0.82	0.34	"K-2-V"
1140	"Housekarle"	278.876	2582	0.3	0.42	0.06	"M-5-V"
3041	"Trinity"	801.009	5369	0.9	1.14	0.98	"G-2-V"
2683	"Vicksland"	287.646	NA	0.1	0.65	0.04	"M-8-V"
2584	"Trimaldix"	586.71	3303	0.3	0.47	0.07	"M-2-V"
29	"Adhafera"	117.08	5666	1	1.06	0.94	"G-2-V"
1352	"Killbourn"	14.06	2958	0.4	0.41	0.04	"M-2-V"
118	"Amity"	132.585	2881	0.3	0.19	0.03	"M-2-V"
1000	"Great X"	341.879	2429	0.1	0.37	NA	"M-2-V"
511	"Chaffee"	126.066	4420	0.6	0.89	0.44	"K-3-V"
2250	"Savannah"	92.246	3042	0.3	0.28	0.07	"M-0-V"
496	"Cavalor"	392.55	4812	0.7	0.89	0.32	"K-2-V"
770	"Edirne"	546.306	2765	0.3	0.57	NA	"M-3-V"
468	"Capra"	356.451	2494	0.2	0.58	0.01	"M-2-V"
3055	"Kazlam"	1632.489	2440	0.1	0.26	0.05	"M-3-V"
2209	"Sakai"	233.195	5789	1	0.99	1.15	"G-2-V"
3134	"Fylovar"	672.878	2466	0.4	0.17	0.07	"M-2-V"
1909	"Numenor"	303.528	2541	0.4	0.4	0.07	"M-7-V"
385	"Braunton"	270.161	3282	0.1	0.08	0.07	"M-2-V"
138	"Anguilla"	419.341	4301	0.6	0.77	0.47	"K-0-V"
2964	"Tathis"	1813.937	3006	0.2	0.32	0.07	"M-3-V"
1074	"Heathville"	518.04	4017	0.7	0.73	0.35	"K-6-V"
1891	"Norman's World"	483.994	2427	NA	0.53	NA	"M-5-V"
3109	"Fager"	1594.56	2427	0.1	0.44	0.02	"M-3-V"
3136	"Hofn"	810.982	2523	0.1	0.52	0.04	"M-8-V"
909	"Furillo"	158.006	NA	0.1	0.37	0.03	"M-4-V"
2172	"Romulus"	389.876	4876	0.5	0.73	0.13	"K-1-V"
2112	"Raman"	161.818	2424	0.2	0.26	0.01	"M-2-V"
2734	"Wedgefield"	405.478	2484	0.1	0.22	0.08	"M-4-V"
3142	"Fable"	272.819	3921	0.5	0.73	0.09	"K-3-V"
1305	"Katlehong"	333.063	4365	0.6	0.86	0.43	"K-2-V"
2272	"Seginus"	103.55	2821	0.4	0.07	0.04	"M-4-V"
2537	"Thuban"	228.914	3411	0.3	0.54	0.05	"M-2-V"
486	"Cartago"	140.202	2842	0.4	0.34	0.02	"M-4-V"
2972	"Aragon"	1310.844	NA	0.3	0.07	0.03	"M-4-V"
2267	"Scudder"	218.398	3052	0.4	0.62	0.04	"M-3-V"
189	"Asellus Borealis"	155.214	5385	1	1.03	1.17	"G-5-V"
1246	"Jeppens"	600.4	2949	0.4	0.53	0.07	"M-4-V"
2222	"Salvende"	698.133	2676	0.3	0.21	0.07	"M-6-V"
3137	"Mandalas"	448.793	5329	0.9	1.03	0.7	"G-2-V"
2450	"Swales"	304.372	4032	0.7	0.79	0.46	"K-2-V"
1611	"Marisura"	481.775	4135	NA	0.94	0.46	"K-3-V"
2264	"Schuyler"	386.845	4005	0.8	0.76	0.25	"K-4-V"
2625	"Umgard"	437.137	2420	0.4	0.28	0.01	"M-7-V"
2875	"Paulinus"	544.507	2648	0.4	0.18	0.02	"M-5-V"
2069	"Princton"	414.151	2856	0.4	0.29	0.04	"M-5-V"
2291	"Shaobuon"	416.492	3089	0.4	0.51	0.02	"M-4-V"
1593	"Manotick"	395.844	2518	0.2	0.2	0.04	"M-4-V"
2434	"Summerstide"	551.739	5816	0.8	1.13	0.99	"G-2-V"
212	"Auldhouse"	148.251	3073	0.4	0.46	0.02	"M-2-V"
1415	"Krin"	221.404	2837	0.2	0.49	0.03	"M-3-V"
2301	"Shensi"	107.011	5358	0.9	1.09	0.71	"G-4-V"
480	"Carmichael"	402.052	2675	0.2	0.61	0.06	"M-7-V"
744	"Drozan"	371.261	3276	0.4	0.26	0.04	"M-2-V"
3174	"Matteo"	328.476	2541	NA	0.15	0.05	"M-7-V"
2263	"Schrim"	647.911	3035	0.3	0.49	0.02	"M-3-V"
2320	"Shirotori"	190.552	2492	0.2	0.25	NA	"M-6-V"
2688	"Villanueva"	359.382	4347	0.5	0.82	0.59	"K-3-V"
170	"Arganda"	158.986	4704	0.6	0.76	0.45	"K-0-V"
917	"Galatea"	63.663	3160	0.3	0.59	0.08	"M-2-V"
2187	"Ruchbah"	61.744	2470	0.4	0.13	0.01	"M-0-V"
573	"Coldbrook"	440.369	2606	0.3	0.69	0.02	"M-5-V"
237	"Baggville"	451.862	3792	0.7	0.85	0.18	"K-3-V"
570	"Cohagen"	488.414	4048	NA	0.73	0.36	"K-6-V"
1224	"Izmir"	433.703	NA	NA	0.82	NA	"K-7-V"
2540	"Thurrock"	389.33	2580	0.3	0.51	0.06	"M-4-V"
1956	"Otho"	192.944	4542	0.7	0.8	0.12	"K-2-V"
2166	"Rockwellawan"	487.954	2483	0.2	0.3	0.06	"M-2-V"
3006	"Thorn"	1021.786	3077	0.2	0.34	0.06	"M-3-V"
342	"Blandou"	305.857	2469	0.4	0.21	0.07	"M-5-V"
2966	"Tokasha"	1731.797	2602	0.1	0.49	0.06	"M-7-V"
1357	"Kinkaid"	457.257	3522	0.4	0.67	0.03	"M-1-V"
1586	"Manennaia"	93.698	2853	0.3	0.28	0.02	"M-2-V"
1935	"Oldsmith"	318.905	2760	0.1	0.27	0.06	"M-5-V"
2453	"Sylvan"	423.158	5717	1	1.13	1.15	"G-2-V"
2207	"Saginaw"	314.502	2434	0.3	0.41	0.03	"M-4-V"
52	"Alarion"	348.457	4672	0.6	0.87	0.16	"K-1-V"
2375	"Songgang"	444.104	2577	0.3	0.28	0.04	"M-4-V"
2822	"Zaurak"	143.14	3984	0.8	0.76	0.39	"K-3-V"
1879	"Nito"	601.481	2464	0.4	0.18	0.04	"M-2-V"
1236	"Jardine"	220.671	3829	0.5	0.95	0.36	"K-3-V"
2567	"Tormentine"	412.22	2550	0.3	0.31	0.06	"M-5-V"
2783	"Wypoute"	498.894	5466	0.9	1	0.74	"G-2-V"
2496	"Tatopani"	475.226	NA	0.3	0.36	0.05	"M-3-V"
1195	"Indrapurai"	567.628	4063	0.6	0.92	0.55	"K-5-V"
562	"Cirebon"	301.512	5742	0.9	0.98	1.47	"G-2-V"
2322	"Shoreham"	250.439	3377	0.4	0.33	0.08	"M-2-V"
2866	"Leximon"	507.641	2837	0.1	0.7	0.01	"M-5-V"
976	"Golandrinas"	430.955	2453	0.4	0.11	0.06	"M-5-V"
878	"Fjernet"	468.304	NA	0.3	0.51	NA	"M-3-V"
1565	"Maia"	387.893	5416	1	1.09	1.33	"G-4-V"
602	"Corodiz"	398.705	2751	0.1	0.38	0.07	"M-0-V"
77	"Alktral"	766.482	3522	0.2	0.39	0.06	"M-1-V"
839	"Fagerholm"	372.14	2758	0.4	0.49	0.07	"M-5-V"
112	"Ambatomainty"	722.916	2568	0.2	0.39	0.01	"M-3-V"
135	"Angelsey"	152.357	2517	0.3	0.66	0.05	"M-5-V"
1663	"Meinrad"	401.763	3313	0.3	0.09	0.06	"M-1-V"
297	"Bellevue"	333.059	3943	0.7	0.78	0.19	"K-5-V"
203	"Atreus Prime"	437.492	3409	0.1	0.24	0.06	"M-1-V"
129	"Andelys"	458.79	2762	0.2	0.21	0.07	"M-1-V"
1300	"Kasdach"	313.753	2527	0.1	0.65	0.02	"M-3-V"
1397	"Koping Chian"	215.295	2487	0.3	0.28	0.02	"M-2-V"
160	"Aquagea"	406.98	2883	0.3	0.7	0.03	"M-1-V"
1850	"New Sarna"	152.313	NA	0.7	0.85	0.32	"K-2-V"
1403	"Kostinbrod"	406.765	2757	0.4	0.37	0.03	"M-5-V"
1371	"Kiyev"	193.019	2992	0.3	0.36	0.04	"M-1-V"
2772	"Woodbine"	504.241	3132	NA	0.52	0.01	"M-2-V"
2590	"Truth"	177.533	4621	0.7	0.73	0.34	"K-0-V"
934	"Gangtok"	491.293	5328	1	1.08	1.31	"G-4-V"
1324	"Kempten"	311.377	2518	0.3	0.66	0.01	"M-2-V"
2047	"Polcenigo"	390.346	2551	0.1	0.54	0.04	"M-4-V"
1705	"Millray"	611.371	2849	NA	0.36	0.08	"M-5-V"
3074	"Tadjoura"	1010.802	2744	0.1	0.16	NA	"M-4-V"
725	"Dnepropetrovsk"	343.619	2867	0.3	0.08	0.01	"M-2-V"
1886	"Noh-wan Hohm"	236.324	2600	0.3	0.64	0.06	"M-4-V"
1987	"Paris"	197.591	4410	0.6	0.95	0.28	"K-2-V"
1179	"Ilion"	286.752	2930	0.2	0.09	0.02	"M-3-V"
1051	"Hanseta"	454.858	2535	0.3	0.63	0.03	"M-5-V"
1071	"Hazelhurst"	553.938	2569	0.2	0.64	0.03	"M-2-V"
3106	"Beehive Cluster"	816.864	4402	0.7	0.7	0.2	"K-0-V"
2328	"Sichuan"	114.02	2480	0.1	0.07	0.06	"M-2-V"
1754	"Moravian"	171.522	NA	0.2	0.46	0.01	"M-1-V"
244	"Ballad"	537.639	2861	0.3	0.21	0.06	"M-2-V"
762	"Eagle Rest"	601.671	NA	0.1	0.56	0.05	"M-2-V"
1689	"Merton"	411.152	NA	0.4	0.66	0.07	"M-5-V"
33	"Adrar"	409.256	4778	0.5	0.85	0.59	"K-2-V"
2057	"Poulsbo"	380.711	2411	0.2	0.5	0.05	"M-0-V"
923	"Gallery"	225.874	2956	0.1	0.41	0.04	"M-0-V"
3026	"Nouveaux Paris"	853.745	2704	0.1	0.38	0.08	"M-4-V"
2469	"Talitha"	48.665	2647	0.4	0.46	0.03	"M-6-V"
1153	"Hunan"	119.486	2468	0.4	0.59	0.02	"M-7-V"
963	"Gladius"	119.815	2934	0.4	0.08	0.07	"M-2-V"
895	"Fort Loudon"	211.565	2531	0.3	0.35	0.04	"M-7-V"
67	"Algate"	497.709	2764	0.4	0.38	0.04	"M-4-V"
2844	"Zolfo"	532.199	4049	0.8	0.77	0.25	"K-0-V"
793	"Ellijay"	334.123	2926	0.1	0.33	0.06	"M-0-V"
1201	"Inman"	556.066	NA	0.7	0.93	0.41	"K-0-V"
2573	"Tovetin"	427.842	3269	0.3	0.53	0.05	"M-1-V"
95	"Alta"	290.073	4010	0.5	0.95	0.41	"K-0-V"
2311	"Shimonoseki"	326.851	3712	0.8	0.82	0.34	"K-3-V"
3051	"Gurgaldar"	1413.278	3471	0.4	0.25	0.03	"M-1-V"
785	"Elbing"	96.343	3284	0.3	0.38	0.06	"M-1-V"
1053	"Harbin"	223.956	2543	0.3	0.21	0.07	"M-6-V"
471	"Carbonis"	181.908	4841	0.7	0.85	0.57	"K-2-V"
994	"Grankum"	640.99	3339	0.4	0.52	0.03	"M-1-V"
428	"Cadiz"	192.656	3792	0.5	0.82	0.48	"K-2-V"
740	"Dresden"	218.491	4199	0.7	0.79	0.2	"K-3-V"
1780	"Muswell"	291.781	3901	0.7	0.95	0.24	"K-7-V"
178	"Armaxa"	231.722	2692	0.2	0.3	0.07	"M-5-V"
2352	"Skiland"	552.08	2797	0.3	0.26	0.05	"M-1-V"
2340	"Simferopol"	360.327	2825	0.4	0.3	0.08	"M-5-V"
2604	"Turko"	248.574	2581	0.3	0.2	0.05	"M-5-V"
114	"Amber Grove"	453.643	4312	0.5	0.91	0.48	"K-2-V"
299	"Benedict"	473.428	3076	0.2	0.58	0.04	"M-3-V"
2628	"Undra"	162.402	NA	0.6	0.83	0.55	"K-7-V"
2918	"Porthos"	484.398	5284	0.9	1.02	1.31	"G-5-V"
2556	"Tiskilwa"	232.043	3984	0.8	0.76	0.57	"K-3-V"
2279	"Senftenberg"	208.994	3058	0.2	0.66	0.02	"M-4-V"
1701	"Midway"	320.287	3213	0.2	0.67	0.07	"M-1-V"
729	"Domeyko"	717.551	2430	0.1	0.4	0.04	"M-5-V"
2965	"Tiber"	1878.865	2766	0.1	0.34	0.07	"M-5-V"
1490	"Lima"	241.842	2520	0.1	0.32	NA	"M-4-V"
993	"Granera"	344.691	2582	0.4	0.44	0.05	"M-3-V"
2639	"Uzhgorod"	221.412	2789	0.3	0.16	0.04	"M-4-V"
544	"Chirikof"	408.982	3081	0.1	0.48	0.02	"M-4-V"
1473	"Leganes"	178.124	2587	0.3	0.37	0.05	"M-3-V"
3075	"Thala"	972.585	4076	0.5	0.78	0.23	"K-5-V"
631	"Csomad"	517.606	2788	0.4	0.07	NA	"M-3-V"
1626	"Matsu"	157.13	3408	0.4	0.54	0.03	"M-2-V"
1762	"Morrill"	397.281	2932	0.2	0.66	0.05	"M-0-V"
2200	"Sabik"	58.472	2483	NA	0.41	0.03	"M-3-V"
1827	"New Exford"	279.265	2679	0.3	0.42	0.03	"M-1-V"
2617	"Ukunela"	295.225	2457	0.3	0.69	0.04	"M-6-V"
1819	"New Caledonia"	409.831	2944	0.2	0.33	0.05	"M-3-V"
1698	"Midale"	408.778	3922	0.6	0.87	0.31	"K-4-V"
807	"Enkoping"	171.594	NA	0.7	0.84	0.3	"K-2-V"
2151	"Richmond"	473.853	2642	0.4	0.59	0.03	"M-1-V"
896	"Fortymile"	288.82	2747	NA	0.33	0.07	"M-3-V"
980	"Gorfynt"	541.875	4136	0.6	0.89	0.57	"K-3-V"
2128	"Reese Station"	338.807	2586	0.4	0.55	0.04	"M-5-V"
2170	"Rollis"	411.883	4374	0.6	0.71	0.19	"K-3-V"
2094	"Quiberas"	499.087	3089	0.4	0.36	0.06	"M-1-V"
520	"Chapineria"	488.922	4476	0.6	0.87	0.49	"K-2-V"
1636	"Mayetta"	405.366	NA	0.8	0.99	0.89	"G-2-V"
1825	"New Damascus"	343.162	2483	0.1	0.22	0.02	"M-6-V"
1189	"Immenstadt"	289.855	2461	0.2	0.5	0.08	"M-4-V"
394	"Brinton"	432.987	2675	0.3	0.4	0.07	"M-2-V"
277	"Baxter"	116.922	5353	0.8	0.96	1.08	"G-4-V"
1675	"Menkar"	129.257	3978	NA	0.84	0.4	"K-3-V"
1996	"Pattonsbrug"	377.185	3771	NA	0.95	0.24	"K-2-V"
2598	"Tuamotu"	299.675	2462	0.2	0.2	0.02	"M-2-V"
2485	"Tantallon"	488.941	2540	0.4	0.38	0.07	"M-5-V"
2603	"Turkalia"	304.931	NA	0.3	0.32	0.06	"M-5-V"
1303	"Katinka"	476.011	2732	0.3	0.62	0.04	"M-3-V"
504	"Centavido"	449.868	2556	0.1	0.53	0.04	"M-2-V"
334	"Biuque"	331.373	2411	0.4	0.16	0.02	"M-0-V"
2362	"Smolensk"	220.579	2771	0.1	0.55	0.04	"M-2-V"
604	"Corridan"	127.263	5321	0.8	1.01	1.14	"G-2-V"
1645	"McKenna"	147.988	4476	0.8	0.85	0.51	"K-3-V"
3124	"Star Cluster 752"	1375.885	2736	0.2	0.43	0.07	"M-4-V"
1912	"Nunivak"	373.058	2477	0.4	0.35	0.03	"M-6-V"
739	"Dreadlord"	586.05	2478	0.2	0.4	0.07	"M-2-V"
2717	"Wantorill"	314.683	2975	0.4	0.42	0.05	"M-4-V"
370	"Borghese"	224.961	5789	NA	1.11	1.11	"G-2-V"
1316	"Kazu"	377.985	2927	0.2	0.48	0.05	"M-2-V"
37	"Afleir"	51.367	3107	0.4	0.47	0.02	"M-2-V"
1068	"Hawktor"	560.441	4026	0.5	0.83	0.35	"K-6-V"
2376	"Sophie's World"	167.077	4657	0.6	0.85	0.42	"K-2-V"
318	"Bettendorf"	266.202	2955	0.1	0.36	0.05	"M-2-V"
1958	"Ottumwa"	399.975	2967	NA	0.46	0.08	"M-5-V"
